id,title,country,year,averageScore,popularity,score,berserk_cos,centroid_cos,top_tags,label_group
53390,Attack on Titan,JP,2009,84.0,222739,0.9230521500396149,0.5935219756996666,0.6967990267771598,"Dystopian, Anti-Hero, War, Philosophy, Tragedy",STRONG_POS
30002,Berserk,JP,1989,92.0,236455,0.9175402634058724,0.9999999999996763,0.749220610347562,"Tragedy, Seinen, Revenge, Male Protagonist, Demons",STRONG_POS
30013,One Piece,JP,1997,91.0,225272,0.8780091716346757,0.459494923858744,0.6204815742165192,"Pirates, Travel, Found Family, Shounen, Ensemble Cast",
101517,Jujutsu Kaisen,JP,2018,80.0,244477,0.8778816965494368,0.39583535594134056,0.6278413593216134,"Urban Fantasy, Demons, Super Power, Shounen, Curses",
100994,Hell’s Paradise: Jigokuraku,JP,2018,81.0,95346,0.8617212595944878,0.45377660637209905,0.7100865760535006,"Survival, Samurai, Philosophy, Mythology, Ninja",STRONG_POS
30044,Gin Tama,JP,2003,86.0,30940,0.8614566727386556,0.30262178701856407,0.5096306400646743,"Found Family, Parody, Samurai, Meta, Swordplay",
87170,Fire Punch,JP,2016,79.0,100659,0.8591783170649014,0.5206787663446459,0.6222990435657316,"Post-Apocalyptic, Tragedy, Suicide, Dystopian, Revenge",
43492,Blue Exorcist,JP,2009,76.0,41754,0.8457443035200425,0.3144135700898922,0.572050739251029,"Demons, Male Protagonist, Shounen, Conspiracy, Urban Fantasy",
30642,Vinland Saga,JP,2005,90.0,133739,0.8418562273889024,0.6381736622750707,0.6305963055462485,"Rehabilitation, Historical, Coming of Age, Vikings, Foreign",STRONG_POS
43949,Medaka Box,JP,2009,77.0,23892,0.8407612436426378,0.21224789792495863,0.4150860453090844,"School, Large Breasts, Super Power, Coming of Age, Meta",
99536,Talentless Nana,JP,2016,73.0,15664,0.8290200748773155,0.3332156118933765,0.4661518972871943,"Conspiracy, Dystopian, Tragedy, Assassins, Super Power",
30026,Hunter x Hunter,JP,1998,88.0,104647,0.8283676397115514,0.4053544762053299,0.6638836353564245,"Shounen, Super Power, Cultivation, Ensemble Cast, Travel",
30583,Claymore,JP,2001,81.0,63803,0.8240828590434679,0.49728033161769836,0.6426589531921713,"Demons, Primarily Female Cast, Super Power, Female Protagonist, Monster Girl",STRONG_POS
30012,Bleach,JP,2001,80.0,116270,0.8153705676657322,0.34155502117365044,0.6668516995419799,"Shounen, Swordplay, Super Power, Ghost, Male Protagonist",
97897,Killing Stalking,KR,2016,71.0,25545,0.8126302914229203,0.3627474108450834,0.3676006892490189,"Tragedy, Yandere, Sadism, Human Pet, Rape",
105778,Chainsaw Man,JP,2018,85.0,321677,0.8046760810069009,0.44950241376935157,0.608777516326281,"Demons, Tragedy, Urban Fantasy, Psychosexual, Coming of Age",
98328,Jagaaan,JP,2017,73.0,43793,0.7966236076702039,0.5083281258909185,0.610857156045538,"Aliens, Super Power, Seinen, Anti-Hero, Tragedy",
86864,Gabriel Dropout,JP,2013,76.0,7597,0.7901704168941277,0.0791854157246207,0.25510138804544014,"Angels, School, Cute Girls Doing Cute Things, Demons, Otaku Culture",
41054,Billy Bat,JP,2008,85.0,37552,0.7891315550270761,0.384540836925431,0.4598740141230265,"Drawing, Historical, Time Manipulation, Seinen, Conspiracy",
30101,Shugo Chara!,JP,2006,73.0,8068,0.787713530270975,0.1884708648959073,0.24098918946701933,"Shoujo, School, Magic, Female Protagonist, Primarily Child Cast",
44369,Tsugumomo,JP,2007,74.0,13882,0.7869761307310721,0.3783242319083319,0.5042383317396406,"Super Power, Nudity, Seinen, Gods, Magic",
69625,Kagerou Daze,JP,2012,77.0,10866,0.784806421435088,0.18722281828158177,0.3142424424477863,"Urban Fantasy, Primarily Teen Cast, Super Power, Ensemble Cast, Tragedy",
30021,Death Note,JP,2003,84.0,96628,0.7789129632039247,0.2988742799736982,0.4990562151725138,"Detective, Police, Anti-Hero, Urban Fantasy, Tragedy",
30027,X,JP,1992,79.0,8583,0.7760302008960994,0.3971311604565072,0.5687327913189453,"Urban Fantasy, Gore, Tragedy, Shoujo, Magic",
102547,A Dating Sim of Life or Death,JP,2017,69.0,9878,0.7747612923295923,0.19711098111296554,0.42892169964673565,"Video Games, Time Manipulation, Yandere, Death Game, Super Power",
30102,Fruits Basket,JP,1998,85.0,34149,0.7743185338837532,0.29803256298178044,0.3243565477899014,"Shoujo, Mythology, Animals, Ensemble Cast, Tragedy",
30756,Banana Fish,JP,1985,85.0,29572,0.7712869101652755,0.3845151235793095,0.47626183821232254,"Mafia, Tragedy, Gangs, Conspiracy, Drugs",
108556,SPY x FAMILY,JP,2019,83.0,155847,0.7684027268868062,0.20501220068900522,0.3954915695802465,"Family Life, Espionage, Found Family, War, Assassins",
102989,Summertime Rendering,JP,2017,80.0,23133,0.765134352829182,0.31716431621033064,0.5497836845613615,"Time Manipulation, Rural, Shounen, Male Protagonist, Ensemble Cast",
44790,Magi: The Labyrinth of Magic,JP,2009,81.0,48630,0.7645015562886401,0.4477093726698704,0.5942185486112266,"Magic, Foreign, Conspiracy, War, Politics",
85189,Mob Psycho 100,JP,2012,85.0,48083,0.7638418434828836,0.27472445189680367,0.4871642359987035,"Coming of Age, Philosophy, Super Power, Urban Fantasy, Ghost",
30092,Sailor Moon,JP,1991,80.0,18159,0.7626508855808332,0.37190784992777964,0.3816526875809589,"Shoujo, Primarily Female Cast, Reincarnation, Magic, Lost Civilization",
87216,Demon Slayer: Kimetsu no Yaiba,JP,2016,79.0,204894,0.7613138266417745,0.421507043055382,0.6974069821845612,"Demons, Shounen, Swordplay, Tragedy, Male Protagonist",
85281,MURCIÉLAGO,JP,2013,72.0,12293,0.7596969813773512,0.3217797647267829,0.40646347568491814,"Gore, Anti-Hero, Female Protagonist, Nudity, Police",
85611,Tokyo Ghoul:re,JP,2014,83.0,100371,0.7596103347605851,0.5130642108423916,0.583886312061636,"Tragedy, Dissociative Identities, Seinen, Amnesia, Philosophy",
30133,Tokyo Babylon,JP,1990,76.0,8132,0.7515113441482802,0.23982835066921881,0.31638901342271636,"Magic, Twins, Ghost, Tragedy, Shoujo",
30003,20th Century Boys,JP,1999,88.0,103534,0.7498565585754728,0.4081520326241228,0.4163578546288339,"Ensemble Cast, Coming of Age, Seinen, Politics, Dystopian",
72579,Kubera,KR,2010,75.0,6977,0.7495134176501539,0.38354857481922255,0.44815027876526703,"Revenge, Gods, Ensemble Cast, Tragedy, Full Color",
105398,Solo Leveling,KR,2018,84.0,276107,0.7486857944191454,0.442746187038274,0.6291043550084856,"Dungeon, Male Protagonist, Super Power, War, Full Color",STRONG_POS
86526,Platinum End,JP,2015,61.0,24567,0.7482322135005488,0.3511650064213261,0.5129046271805391,"Gods, Angels, Shounen, Cosmic Horror, Urban",
30664,Akira,JP,1982,84.0,45795,0.7475045892356518,0.48677253752855076,0.5338414216063361,"Dystopian, Cyberpunk, Military, Post-Apocalyptic, Tragedy",
35293,Doubt,JP,2007,63.0,18918,0.7466958608800235,0.2624765447229028,0.40708194456402935,"Death Game, Shounen, Revenge, Crime, Tragedy",
63327,Tokyo Ghoul,JP,2011,84.0,189308,0.7458013579415916,0.495187032400692,0.5822154189360055,"Tragedy, Cannibalism, Urban Fantasy, Gore, Male Protagonist",
117230,Suicide Girl,JP,2020,75.0,7009,0.7442151225727913,0.33675996287383925,0.4462862895875393,"Suicide, Seinen, Female Protagonist, Magic, Demons",
30704,Trigun Maximum,JP,1997,82.0,11571,0.7436597732645218,0.4188171826540081,0.5499624739087156,"Dystopian, Guns, Steampunk, Male Protagonist, Aliens",
30584,Future Diary,JP,2006,69.0,22496,0.743162841542081,0.24554067391231416,0.498616735691079,"Battle Royale, Yandere, Shounen, Time Manipulation, Death Game",
119257,Omniscient Reader,KR,2020,86.0,125351,0.7414279643630453,0.42950908717633374,0.6193158457049848,"Survival, Post-Apocalyptic, Death Game, Full Color, Meta",NEG
85307,Bungo Stray Dogs,JP,2012,83.0,45238,0.7404257574445304,0.37649996242727035,0.5824373180386959,"Urban Fantasy, Detective, Super Power, Mafia, Crime",
31706,JoJo's Bizarre Adventure: Part 7–Steel Ball Run,JP,2004,92.0,101075,0.7391850204905508,0.4639325976112659,0.6120323592628518,"Travel, Cowboys, Super Power, Male Protagonist, Seinen",
85310,Tales of Wedding Rings,JP,2014,67.0,15117,0.7386756489461223,0.39615022145129525,0.49620350262906743,"Female Harem, Isekai, Male Protagonist, Elf, Polyamorous",
74485,The Seven Deadly Sins,JP,2012,70.0,54040,0.7378415366284448,0.48455102095521335,0.6937536562954653,"Shounen, Ensemble Cast, Demons, Super Power, Magic",
114416,"The 100 Girlfriends Who Really, Really, Really, Really, Really Love You",JP,2019,77.0,37365,0.737620915528572,0.16965619443746877,0.17744919475232393,"Polyamorous, Female Harem, Ensemble Cast, Surreal Comedy, Meta",
128666,The Elusive Samurai,JP,2021,66.0,9386,0.7361760821188902,0.36814357356578387,0.5756594850773344,"Samurai, Shounen, Historical, Surreal Comedy, War",
174515,Nebula's Civilization,KR,2023,77.0,10324,0.7347790609087639,0.3748311202209168,0.4471263746012743,"Gods, Male Protagonist, War, Anthropomorphism, Travel",
40010,Beelzebub,JP,2009,78.0,23543,0.730342316442969,0.18463801864784374,0.436493294659984,"Delinquents, Shounen, Demons, Primarily Male Cast, Adoption",
30025,Fullmetal Alchemist,JP,2001,89.0,77683,0.729583295731587,0.48194111873950346,0.6763091417437656,"Alchemy, Conspiracy, Politics, Philosophy, Military",
127564,Go! Go! Loser Ranger!,JP,2021,73.0,17717,0.7276828097482037,0.2826428052094919,0.5008910941515926,"Revenge, Tokusatsu, Anti-Hero, Henshin, Urban Fantasy",
54692,Noragami: Stray God,JP,2010,82.0,61070,0.7273338165959801,0.36319817880576927,0.5976507953021257,"Gods, Reincarnation, Male Protagonist, Youkai, Mythology",
53900,Umineko When They Cry Episode 7: Requiem of the Golden Witch,JP,2011,87.0,7303,0.7270337002646265,0.29407502660689805,0.376341634647942,"Witch, Tragedy, Dissociative Identities, Meta, Ensemble Cast",
98544,Moriarty the Patriot,JP,2016,83.0,21737,0.7253468313360415,0.2451420897732311,0.3746435326186791,"Historical, Anti-Hero, Crime, Male Protagonist, Foreign",
47207,Inu x Boku SS,JP,2009,74.0,7565,0.7253353739469801,0.15455137251828263,0.34686355591299267,"Reincarnation, Youkai, Tsundere, Yandere, Shounen",
98466,Kemono Jihen,JP,2016,75.0,18212,0.7247786124449721,0.17092956308211704,0.4945115522428918,"Urban Fantasy, Youkai, Shounen, Primarily Male Cast, Male Protagonist",
33006,JoJo's Bizarre Adventure Part 4: Diamond is Unbreakable,JP,1992,84.0,35492,0.7226350327941564,0.24251396306675754,0.6002534607709441,"Super Power, Urban Fantasy, Shounen, Ensemble Cast, Primarily Male Cast",
138603,The Summer Hikaru Died,JP,2021,83.0,39341,0.722217625839523,0.3674232369874628,0.38226748558996465,"Monster Boy, Male Protagonist, Cosmic Horror, Rural, Body Horror",
74489,Land of the Lustrous,JP,2012,89.0,79583,0.7217726610592825,0.5077881654595712,0.5511464290483763,"Philosophy, Tragedy, Anthropomorphism, Seinen, Religion",
30872,JoJo's Bizarre Adventure Part 3: Stardust Crusaders,JP,1989,78.0,34759,0.7216471151551456,0.31317045759918505,0.6002456549407158,"Super Power, Shounen, Male Protagonist, Foreign, Primarily Male Cast",
30908,Soul Eater,JP,2003,80.0,66549,0.7196900849065703,0.4041945609149452,0.6579578877991513,"Ensemble Cast, Magic, Shounen, Henshin, Male Protagonist",
73661,Seraph of the End: Vampire Reign,JP,2012,75.0,43102,0.7191128226026001,0.2962192632649035,0.514330587541996,"Urban Fantasy, Vampire, Post-Apocalyptic, Male Protagonist, Angels",
30042,Dragon Ball,JP,1984,84.0,52160,0.7182454632972618,0.3264907603935901,0.6106733920544706,"Martial Arts, Travel, Shounen, Super Power, Male Protagonist",
79865,Ajin: Demi-Human,JP,2012,80.0,61009,0.7174118329607055,0.39616943100437285,0.5650548458449829,"Fugitive, Urban Fantasy, Seinen, Super Power, Suicide",
106758,The Eminence in Shadow,JP,2018,80.0,45563,0.7171577163976405,0.2769636381096746,0.4860366967324303,"Chuunibyou, Male Protagonist, Magic, Cult, Isekai",
153007,The Bugle Call: Song of War,JP,2022,82.0,10218,0.7163988422254356,0.4408094761535506,0.6215733763839655,"War, Male Protagonist, Shounen, Super Power, Tragedy",
31474,Devilman,JP,1972,80.0,25242,0.7156394923498663,0.5495137669010351,0.6866069636123224,"Cosmic Horror, Demons, Tragedy, War, Gore",
159187,"Betrayed by the Hero, I Formed a MILF Party with His Mom",JP,2022,64.0,10869,0.7148415408479675,0.29164471487724364,0.389077939513654,"Polyamorous, Heterosexual, Age Gap, Female Harem, MILF",
65003,Yamada-kun and the Seven Witches,JP,2012,77.0,33201,0.7137320573736348,0.17819787908353116,0.3247993607032277,"School Club, School, Male Protagonist, Witch, Magic",
120034,Usotsuki Satsuki wa Shi ga Mieru,JP,2020,74.0,9109,0.7133616355342655,0.192215113451254,0.3564173420014586,"Detective, Female Protagonist, Denpa, School, Super Power",
99435,Love of Kill,JP,2015,74.0,11524,0.7128421737897117,0.2565593612431163,0.36733714256876504,"Primarily Adult Cast, Crime, Assassins, Guns, Gore",
85198,Kasane,JP,2013,77.0,17380,0.7121138750158397,0.4669921492727568,0.4227069026602104,"Shapeshifting, Acting, Body Swapping, Tragedy, Female Protagonist",
114791,Undead Unluck,JP,2020,77.0,28513,0.7091463411447426,0.3374845496250961,0.599143214388588,"Super Power, Shounen, Tragedy, Female Protagonist, Primarily Adult Cast",
55132,Akame ga KILL!,JP,2010,74.0,46688,0.7085965095503763,0.44520648415840836,0.6737515464387984,"Assassins, Shounen, Tragedy, War, Swordplay",
96518,Bokutachi ga Yarimashita,JP,2015,79.0,16907,0.7064689932579126,0.38768622194823554,0.45758736376727255,"Seinen, Tragedy, Terrorism, Coming of Age, Primarily Male Cast",
85141,The God of High School,KR,2011,76.0,53203,0.7052694901945465,0.5016672187433636,0.6512266873931526,"Martial Arts, Super Power, Gods, Full Color, Mythology",
86655,Happy Sugar Life,JP,2015,68.0,13922,0.7048626282207728,0.28244953759663916,0.34277736442046824,"Tragedy, Female Protagonist, Yandere, Anti-Hero, Yuri",
30656,Vagabond,JP,1998,91.0,156354,0.7046946451252275,0.488835612634061,0.6180199593385736,"Samurai, Swordplay, Seinen, Historical, Philosophy",
74347,One-Punch Man,JP,2012,85.0,168968,0.704102082223503,0.3291707477138178,0.502723018417418,"Superhero, Super Power, Urban Fantasy, Parody, Surreal Comedy",
30054,Yu-Gi-Oh!,JP,1996,77.0,14561,0.7039737348103985,0.3429233934042847,0.5462602509451675,"Dissociative Identities, Card Battle, Shounen, Male Protagonist, Mythology",
159441,Pick Me Up,KR,2022,83.0,39895,0.7039538853675339,0.37757371860221633,0.6351886397610366,"Survival, Video Games, Isekai, Death Game, Full Color",STRONG_POS
31859,Natsume's Book of Friends,JP,2003,85.0,13315,0.7034182149621308,0.16225898020006707,0.24592485409208253,"Adoption, Youkai, Iyashikei, Male Protagonist, Shoujo",
30015,Negima! Magister Negi Magi,JP,2003,75.0,15119,0.7010964414685776,0.26060354069028135,0.5078561024661569,"Super Power, Female Harem, Magic, Shounen, School",
30698,Neon Genesis Evangelion,JP,1994,84.0,37408,0.6996604655228355,0.4004777374545771,0.46552391466493126,"Philosophy, Coming of Age, Kaiju, Tragedy, Military",
123264,I Was Reincarnated as the 7th Prince So I Can Take My Time Perfecting My Magical Ability,JP,2020,71.0,14615,0.6993889110915075,0.2491144148685025,0.4061837173395037,"Magic, Male Protagonist, Demons, Shounen, Medieval",
100456,Farming Life in Another World,JP,2017,66.0,16488,0.6989680001872816,0.298200743883024,0.34772430989137865,"Isekai, Male Protagonist, Agriculture, Female Harem, Seinen",
30011,Naruto,JP,1999,79.0,96320,0.698573123367268,0.3983013422730804,0.61873307438369,"Shounen, Ninja, Revenge, Coming of Age, Found Family",
119968,Tougen Anki: Legend of the Cursed Blood,JP,2020,71.0,21552,0.6980033192520171,0.3430599698895148,0.6193482463543343,"Shounen, Demons, Tragedy, Male Protagonist, Youkai",
107120,Chillin’ in Another World with Level 2 Super Cheat Powers,JP,2019,70.0,20344,0.696664414039163,0.32082637378960616,0.5277805776121209,"Demons, Magic, War, Isekai, Male Protagonist",
31325,Phoenix,JP,1966,83.0,9526,0.6962937003589511,0.3737379364806226,0.45732091239584993,"Philosophy, Reincarnation, Episodic, War, Historical",
97830,To Your Eternity,JP,2016,80.0,49606,0.696292988019697,0.41218101419104747,0.5930228981225583,"Tragedy, Shapeshifting, Philosophy, Coming of Age, Time Skip",
86399,That Time I Got Reincarnated as a Slime,JP,2015,82.0,58726,0.6956437205006007,0.3527635936862067,0.5075154726975452,"Reincarnation, Isekai, Kingdom Management, Politics, Medieval",
85671,DEAD Tube,JP,2014,58.0,20977,0.6945300756387414,0.3250578029414505,0.37728965616177557,"Gore, Anti-Hero, Ero Guro, Rape, Tragedy",
111233,Call of the Night,JP,2019,81.0,62813,0.6937704642514455,0.21003954863682067,0.3698353354237551,"Vampire, Urban Fantasy, Monster Girl, Tragedy, Shounen",
113981,Teito Seihai Kitan: Fate/type Redline,JP,2019,80.0,9632,0.693685209019883,0.36464030342990145,0.5528735060080128,"Battle Royale, Magic, Time Manipulation, Isekai, Time Skip",
30873,Sekirei,JP,2004,70.0,7266,0.6931050288994276,0.2617947512442836,0.36895510187639236,"Super Power, Seinen, Nudity, Battle Royale, Primarily Female Cast",
140407,The Greatest Estate Developer,KR,2021,90.0,61038,0.6929594698777851,0.31902747167909007,0.39258073520632375,"Surreal Comedy, Anachronism, Male Protagonist, Economics, Slapstick",MOD_POS
101131,Magus of the Library,JP,2017,83.0,14183,0.6925630868127239,0.43637068026688064,0.42685000405637735,"Politics, Seinen, Writing, Male Protagonist, Coming of Age",
105469,Jujutsu Kaisen 0,JP,2017,80.0,69990,0.6924977812073411,0.31847170716766815,0.6143122289863995,"Shounen, Demons, Male Protagonist, School, Tragedy",
30128,Pet Shop of Horrors,JP,1995,77.0,9344,0.6919916973854683,0.2625935247938107,0.40562240099001945,"Josei, Male Protagonist, Animals, Episodic, Detective",
30024,D.Gray-man,JP,2004,81.0,41301,0.6899431841914363,0.4228236172955263,0.5867375060385022,"Demons, Amnesia, Super Power, Tragedy, Foreign",
86742,Children of the Whales,JP,2013,77.0,10104,0.689761285476999,0.3342669127158571,0.41668517859167076,"Dystopian, Lost Civilization, War, Philosophy, Shoujo",
30564,Gantz,JP,2000,77.0,67657,0.6895360577810166,0.44057058603329247,0.5342921888683355,"Survival, Seinen, Aliens, Gore, Tragedy",
30008,Full Moon,JP,2001,76.0,8224,0.6890275602960716,0.24141460603328843,0.2857678062042911,"Shoujo, Idol, Magic, Love Triangle, Female Protagonist",
30703,Trigun,JP,1995,75.0,16642,0.6874982620019137,0.29612089089251503,0.5354244664720169,"Guns, Steampunk, Male Protagonist, Dystopian, Primarily Adult Cast",
107720,Her Summon,KR,2018,76.0,18774,0.686923955928248,0.3116143540675058,0.46230588463525957,"Full Color, Isekai, Hikikomori, Male Protagonist, Magic",
30598,Fairy Tail,JP,2006,70.0,55767,0.685999635505375,0.3872773836803992,0.5494498022569172,"Ensemble Cast, Magic, Shounen, Dragons, Found Family",
30661,"Sayonara, Zetsubou-Sensei",JP,2005,81.0,12145,0.6855509770210283,0.1361759141756089,0.29165849372575103,"Satire, Teacher, Philosophy, School, Ensemble Cast",
37776,A Certain Scientific Railgun,JP,2007,81.0,10039,0.6849471842387499,0.15333229486291872,0.36241264350072744,"Shounen, Super Power, Primarily Female Cast, School, Tragedy",
58533,"No Matter How I Look at It, It's You Guys' Fault I'm Not Popular!",JP,2011,74.0,19081,0.6848269610451586,0.09892703085775645,0.16306249965353387,"School, Female Protagonist, Rehabilitation, Ensemble Cast, Primarily Female Cast",
33031,Pandora Hearts,JP,2006,84.0,55240,0.6842611217808469,0.3987975840002559,0.6259840953786279,"Tragedy, Philosophy, Amnesia, Ensemble Cast, Fairy Tale",
123573,Lout of Count’s Family,KR,2020,78.0,42194,0.683864803073372,0.39435519610137315,0.5581267316143443,"War, Isekai, Found Family, Male Protagonist, Politics",
130229,Shotgun Boy,KR,2021,77.0,20986,0.6838510897527855,0.32791435763904986,0.47368774064745495,"Demons, Bullying, Male Protagonist, Guns, School",
30894,Rosario+Vampire,JP,2004,71.0,22227,0.6830454389914357,0.23873662258685918,0.41615178588756885,"Vampire, Monster Girl, Magic, Female Harem, Male Protagonist",
30658,Blade of the Immortal,JP,1993,83.0,31329,0.6817361216161173,0.4462718297004886,0.6284453868367395,"Tragedy, Martial Arts, Revenge, Samurai, Swordplay",STRONG_POS
67563,Terra Formars,JP,2011,69.0,14363,0.6808052436413312,0.42033812751585237,0.5507519943538874,"Aliens, Henshin, Super Power, Tragedy, Seinen",MOD_POS
117460,Overgeared,KR,2020,77.0,36249,0.6799326179342332,0.33365599064244156,0.5300642137326431,"Video Games, Virtual World, Male Protagonist, Magic, Kingdom Management",STRONG_POS
85564,Mushoku Tensei: Jobless Reincarnation,JP,2014,78.0,45869,0.6793818892620581,0.44448001509162616,0.4868630266896077,"Isekai, Reincarnation, Magic, Family Life, Age Gap",
85143,Tower of God,KR,2010,81.0,97305,0.6786637595602178,0.4523595854816238,0.6596415652594616,"Super Power, Ensemble Cast, Full Color, War, Conspiracy",MOD_POS
78151,World Trigger,JP,2013,77.0,19809,0.6786594554517222,0.2623668788629725,0.5120652931490812,"Aliens, Shounen, Super Power, Ensemble Cast, War",
118408,Villains Are Destined to Die,KR,2020,84.0,39568,0.6784131944694655,0.2397903772561481,0.2996806424337288,"Female Protagonist, Villainess, Estranged Family, Full Color, Isekai",
118177,Solo Glitch Player,KR,2020,68.0,12684,0.6779687600514634,0.3010375394882191,0.48229100539136055,"Reincarnation, Full Color, Male Protagonist, Politics, Isekai",
63031,Alice in Borderland,JP,2010,82.0,40062,0.6777757151831003,0.41893348456447155,0.6050657061745499,"Tragedy, Death Game, Survival, Philosophy, Amnesia",
86310,Fire Force,JP,2015,78.0,64328,0.677006903372063,0.36763612090190595,0.5797535581543829,"Cosmic Horror, Super Power, Religion, Gods, Shounen",
104617,Uncle from Another World,JP,2018,77.0,13869,0.6768501539855276,0.35372545740372663,0.47920030441286937,"Isekai, Male Protagonist, Parody, Magic, Otaku Culture",
106064,Chained Soldier,JP,2019,74.0,52363,0.6757463707496708,0.35506783881031967,0.5665668289744743,"Heterosexual, Super Power, Male Protagonist, Primarily Female Cast, Nudity",
86510,4 Cut Hero,KR,2014,74.0,6539,0.6747136815141233,0.4092687712042909,0.5833648422515918,"Male Protagonist, Parody, Super Power, Revenge, Primarily Adult Cast",
122063,Shangri-La Frontier,JP,2020,81.0,20598,0.6744998485811273,0.27270775903370537,0.5032569876821658,"Video Games, Virtual World, Shounen, Kemonomimi, Anthropomorphism",
38070,Sengoku Youko,JP,2007,81.0,9015,0.6744151147336245,0.30149225481424713,0.5053551700790837,"Demons, Samurai, Shounen, Cultivation, Gods",
33749,Umineko When They Cry Episode 1: Legend of the Golden Witch,JP,2007,75.0,16579,0.6741426873792846,0.30764139790830386,0.43276390723811187,"Ensemble Cast, Detective, Male Protagonist, Shounen, Female Protagonist",
30336,GTO: Great Teacher Onizuka,JP,1997,86.0,54629,0.6732427776629949,0.2711901107185083,0.4168577183434872,"Teacher, School, Ensemble Cast, Coming of Age, Work",
31111,Buddha,JP,1972,82.0,6241,0.6716954795649772,0.40857805643319356,0.5171436758566913,"Philosophy, Historical, Foreign, Religion, War",
129006,Gyakusatsu Happy End,JP,2017,70.0,7879,0.6708898727203438,0.32405577829668747,0.352572965653955,"Time Manipulation, Tragedy, Anti-Hero, Seinen, Crime",
30974,Basara,JP,1990,83.0,10834,0.6707609138639531,0.4375402134492636,0.47380887417865336,"War, Twins, Shoujo, Politics, Post-Apocalyptic",
137168,Becoming the Monarch,KR,2020,76.0,12321,0.6700544574153113,0.42881852731674336,0.6005254801178568,"War, Male Protagonist, Full Color, Reincarnation, Swordplay",
87225,Tsukimichi: Moonlit Fantasy,JP,2015,76.0,21513,0.6696422889608065,0.3129497190236587,0.5723927267490662,"Shounen, Isekai, Magic, Demons, Kingdom Management",
100954,Sweet Home,KR,2017,81.0,53889,0.6687796227419814,0.3735909634200772,0.4684442195915292,"Post-Apocalyptic, Survival, Demons, Tragedy, Coming of Age",
85296,Requiem of the Rose King,JP,2013,79.0,11798,0.6681317238867612,0.42597717275913294,0.4926453566116076,"Historical, Classic Literature, Boys' Love, Tragedy, War",
127819,Death Note Short Stories,JP,2021,72.0,8338,0.6679201640677097,0.31387421111840863,0.464635923915101,"Shounen, Detective, Police, Crime, Gods",
33403,Rosario+Vampire: Season II,JP,2007,78.0,14474,0.6678001290889372,0.22620212049789384,0.4250780561864614,"Vampire, Shounen, Heterosexual, Male Protagonist, Terrorism",
69883,Assassination Classroom,JP,2012,81.0,53396,0.6672916903976139,0.1584688756302513,0.4335077182922281,"Teacher, Assassins, School, Primarily Child Cast, Shounen",
87234,The Elder Sister-Like One,JP,2016,71.0,18576,0.6666239534109054,0.2955544856777508,0.3010581783107149,"Demons, Seinen, Cosmic Horror, Family Life, Monster Girl",
78397,"No Game, No Life",JP,2013,72.0,8396,0.662855184290561,0.2763131950938199,0.4080235659918485,"Isekai, Video Games, Hikikomori, Male Protagonist, Board Game",
30009,Tsubasa RESERVoir CHRoNiCLE,JP,2003,81.0,17638,0.6624669168189837,0.4129672267737548,0.5382528579341515,"Travel, Alternate Universe, Magic, Crossover, Amnesia",
97216,The Saga of Tanya the Evil,JP,2016,82.0,13738,0.6619707715729662,0.4480358966859804,0.46807595636351434,"Military, War, Reincarnation, Magic, Seinen",
98543,Parallel Paradise,JP,2017,57.0,17064,0.6618983706243892,0.3978048222066083,0.3946388365143174,"Female Harem, Defloration, Ahegao, Isekai, Nudity",
31658,Dororo,JP,1967,70.0,7747,0.6599552969907276,0.3719610782130197,0.5925835279846031,"Demons, Youkai, Swordplay, War, Coming of Age",
113340,Death's Game,KR,2019,78.0,8863,0.658380589249515,0.2816763537574968,0.4283747034018196,"Survival, Full Color, Tragedy, Suicide, Death Game",
71949,Renai Boukun,JP,2012,69.0,7044,0.657790432283698,0.11628580130110984,0.28264210411279767,"Female Harem, Love Triangle, School, Shounen, Male Protagonist",
85978,The New Gate,JP,2014,72.0,17732,0.6577900595617361,0.3667806476223394,0.42187729491640585,"Virtual World, Swordplay, Video Games, Elf, Magic",
144946,Gachiakuta,JP,2022,81.0,61962,0.6570064610667128,0.404708470020054,0.6126448219442219,"Ensemble Cast, Male Protagonist, Shounen, Dystopian, Revenge",
137595,"66,666 Years: Advent of the Dark Mage",KR,2021,73.0,24099,0.6563974554858283,0.40259393946487165,0.47069849656788376,"Gods, Religion, Magic, Reincarnation, Necromancy",
105768,Koisuru Kiseichuu,JP,2018,75.0,11475,0.655507358751381,0.23945062487454913,0.28286325876977697,"Philosophy, Heterosexual, Denpa, Tragedy, Suicide",
90310,Metamorphosis,JP,2013,64.0,16036,0.655126752780575,0.30367632572748576,0.23660741983693717,"Female Protagonist, Tragedy, Nudity, Prostitution, Drugs",
113802,Life with an Ordinary Guy Who Reincarnated into a Total Fantasy Knockout,JP,2019,72.0,7713,0.65511958250792,0.32483106523866634,0.28926992597987555,"Gender Bending, Isekai, Slapstick, Parody, Satire",
119648,My Stepmother's Friends,KR,2020,74.0,10110,0.6551073587400721,0.18334256579130614,0.18410147921125364,"Nudity, Nakadashi, MILF, Female Harem, Full Color",
85199,Attack on Titan: No Regrets,JP,2013,79.0,15965,0.6550744715525946,0.3785422253996932,0.5117393041635101,"Tragedy, Military, Survival, Kaiju, Dystopian",
30017,Kare Kano: His and Her Circumstances,JP,1995,78.0,11116,0.6549554866817798,0.26763542163532084,0.276075735486544,"Coming of Age, School, Ensemble Cast, Female Protagonist, Shoujo",
126902,Pearl Boy,KR,2020,73.0,6071,0.6543904110118848,0.2616455332133538,0.34431401128138417,"Male Protagonist, Boys' Love, Full Color, Criminal Organization, Rape",
35664,Nura: Rise of the Yokai Clan,JP,2008,76.0,10278,0.6532625449147903,0.22501685063886537,0.5177638374292627,"Demons, Shounen, Swordplay, Shapeshifting, Youkai",
86964,Bastard,KR,2014,83.0,74841,0.6526062515721788,0.3538089903173124,0.41814099687923045,"Crime, Tragedy, Male Protagonist, Gore, Bullying",
66267,Inside Mari,JP,2012,75.0,30521,0.6520349876073435,0.29295641119219884,0.2891966966928844,"Female Protagonist, Body Swapping, Dissociative Identities, Seinen, Philosophy",
97973,At The End of The Road,KR,2016,75.0,9342,0.6513394487504728,0.17247149296973738,0.28299869815522183,"Body Swapping, Reincarnation, Male Protagonist, Full Color, Boys' Love",
30053,Yu Yu Hakusho,JP,1990,80.0,26454,0.6507128160612671,0.22870816316604958,0.4982093239340125,"Shounen, Super Power, Demons, Primarily Male Cast, Cultivation",
42994,Blood Blockade Battlefront,JP,2009,75.0,7223,0.650432478848224,0.2801532899541844,0.5262363744422787,"Urban Fantasy, Urban, Ensemble Cast, Super Power, Episodic",
31257,Higurashi WHEN THEY CRY: Abducted by Demons Arc,JP,2005,76.0,8109,0.6501282281003912,0.2659429257765591,0.3990111956386355,"Conspiracy, Rural, Memory Manipulation, Male Protagonist, Time Manipulation",
85216,Fuuka,JP,2014,70.0,12904,0.6501278984697474,0.11503657037603715,0.22280348528004182,"Band, Tragedy, Agriculture, Musical Theater, Age Gap",
107521,Who Made Me a Princess,KR,2017,83.0,38399,0.6498761438904285,0.2652697923495974,0.28732661443827,"Female Protagonist, Reincarnation, Isekai, Family Life, Magic",
163495,Kill Blue ,JP,2023,63.0,6119,0.6496454723021832,0.13238987345127337,0.35362460923669403,"Age Regression, Shounen, Guns, Dissociative Identities, School Club",
86952,"So I'm a Spider, So What?",JP,2015,76.0,28973,0.6494223982855892,0.4490373608535043,0.43050651403085405,"Reincarnation, Isekai, Monster Girl, Seinen, Female Protagonist",
46081,Umineko When They Cry Episode 3: Banquet of the Golden Witch,JP,2009,82.0,8442,0.648955281512275,0.34723272987549486,0.3804655315135419,"Witch, Cosmic Horror, Meta, Magic, Primarily Adult Cast",
114388,Ranking of Kings,JP,2017,77.0,6681,0.6489439757670338,0.3318558757141409,0.5453196168258173,"Disability, Male Protagonist, Medieval, Coming of Age, Bullying",
85486,My Hero Academia,JP,2014,78.0,174821,0.6489369893568581,0.3948514840356572,0.6316195759518675,"Superhero, Super Power, Urban Fantasy, Shounen, Male Protagonist",
99065,Ragna Crimson,JP,2017,74.0,14914,0.6488497718426715,0.32407723155697077,0.6094454313723728,"Time Manipulation, Dragons, Tragedy, Shounen, Magic",
30267,HELLSING,JP,1997,79.0,26515,0.6468736822317713,0.42560536067327925,0.5549899388240155,"Vampire, Seinen, Gore, Guns, Anti-Hero",
143516,Make the Exorcist Fall in Love,JP,2021,79.0,14380,0.6458520247074376,0.38021954566271077,0.5258085796833495,"Religion, Demons, Witch, Coming of Age, Male Protagonist",
86199,In/Spectre,JP,2015,76.0,10450,0.6435152440204541,0.10269567774212907,0.26098224103601514,"Youkai, Detective, Disability, Urban Fantasy, Heterosexual",
121476,Lucky Guy,KR,2019,75.0,5992,0.6413966517336207,0.1315225811810967,0.16026199535571983,"MILF, Large Breasts, Age Gap, Teacher, Full Color",
100557,One Room of Happiness,JP,2016,78.0,27856,0.6403759353888362,0.31931395403110757,0.3247235182955958,"Denpa, Rehabilitation, Female Protagonist, Tragedy, Male Protagonist",
110769,Am I Actually the Strongest?,JP,2019,65.0,12529,0.6403571810523399,0.18912134119235385,0.32875745155859837,"Isekai, Magic, Male Protagonist, Shounen, Monster Girl",
156656,The Ichinose Family's Deadly Sins,JP,2022,65.0,13206,0.6392128919266976,0.2351817900469306,0.37303560360008436,"Tragedy, Amnesia, Family Life, Time Loop, Male Protagonist",
164857,Surviving the Game as a Barbarian,KR,2023,79.0,18090,0.6388471415595106,0.40211517946230857,0.5583663006467519,"Dungeon, Survival, Male Protagonist, Isekai, Video Games",STRONG_POS
85850,19 Tian,CN,2014,85.0,25299,0.6385253465270609,0.12336466083217029,0.20636329279150642,"Ensemble Cast, Male Protagonist, Full Color, Slapstick, School",
101873,Orient,JP,2018,66.0,7873,0.6383904538477074,0.35787359048885703,0.5840555525434614,"Swordplay, Demons, Dystopian, Kaiju, Shounen",
95719,Mushihime,JP,2013,61.0,6387,0.6383549801146051,0.41393322580877573,0.41314387521729345,"Tragedy, Seinen, Incest, Shapeshifting, Monster Girl",
31133,Dorohedoro,JP,2000,86.0,85715,0.6378298766727971,0.514859299521204,0.574208070854113,"Dissociative Identities, Magic, Ensemble Cast, Anti-Hero, Amnesia",
141262,Doron Dororon,JP,2021,56.0,6401,0.6372116992537333,0.201394054932243,0.5477759010724431,"Shounen, Swordplay, Youkai, Samurai, Male Protagonist",
125624,Even If You Slit My Mouth,JP,2020,77.0,20207,0.6370072626185679,0.22014880477605625,0.36442648606348527,"Heterosexual, Female Protagonist, Urban Fantasy, Male Protagonist, Monster Girl",
120760,Kaiju No.8,JP,2020,75.0,103432,0.6367357723400147,0.3092845083945294,0.5214411706477926,"Kaiju, Urban Fantasy, Shapeshifting, Shounen, Military",
98416,Dr. STONE,JP,2017,81.0,86811,0.636094084266472,0.3222951041655857,0.5233301457564469,"Post-Apocalyptic, Survival, Ensemble Cast, Educational, Shounen",
85911,Tomodachi Game,JP,2013,81.0,40508,0.6356141661489675,0.3298216740185208,0.4451217221319995,"Anti-Hero, Male Protagonist, Death Game, Battle Royale, Survival",
95098,Multi-Mind Mayhem: Isekai Tensei Soudouki,JP,2015,70.0,7732,0.6355978832694422,0.31959774809310454,0.47397546998949436,"Dissociative Identities, Male Protagonist, Isekai, Female Harem, Politics",
145369,Nigoru Hitomi de Nani wo Negau: Highserk Senki,JP,2022,76.0,6484,0.635527823318402,0.5661945250957245,0.6543188927628982,"War, Military, Seinen, Male Protagonist, Swordplay",
50593,Btooom!,JP,2009,70.0,21387,0.6354825979167367,0.36371210601059456,0.45492653239178743,"Battle Royale, Survival, Seinen, Video Games, Male Protagonist",
144957,The World After the Fall,KR,2022,76.0,41620,0.6342858418273224,0.4333533444069474,0.6694596806033353,"Full Color, Male Protagonist, Dungeon, Primarily Male Cast, Primarily Adult Cast",
31303,Ashita no Joe: Fighting for Tomorrow,JP,1968,89.0,28317,0.6340964925457294,0.2533210575888353,0.34827281865066706,"Tragedy, Boxing, Coming of Age, Male Protagonist, Rehabilitation",
109017,Gushing over Magical Girls,JP,2019,77.0,16724,0.6334213888734287,0.20454106980055087,0.20247381985540364,"Primarily Female Cast, Magic, Nudity, Female Protagonist, Parody",
125828,Sakamoto Days,JP,2020,80.0,85661,0.6326434626121603,0.21768207510407636,0.4610591304531894,"Assassins, Urban Fantasy, Family Life, Crime, Found Family",
101586,Ijousha no Ai,JP,2017,57.0,6143,0.6322150195161653,0.2931872416042516,0.31693907202713434,"Yandere, Torture, Ero Guro, Time Skip, Tragedy",
85843,Konjiki no Word Master: Yuusha Yonin ni Makikomareta Unique Cheat,JP,2014,70.0,10615,0.6321042369217231,0.2542446726408502,0.4864856605423983,"Isekai, Magic, Shounen, Kemonomimi, Demons",
33866,Black Butler,JP,2006,81.0,37686,0.6319994833716919,0.384465293830936,0.5656077087973372,"Demons, Revenge, Tragedy, Crime, Historical",
31131,Freesia,JP,2001,77.0,17767,0.6318695263467438,0.5249789410512146,0.5561992173075739,"Seinen, Anti-Hero, Guns, Assassins, Tragedy",
33008,JoJo's Bizarre Adventure Part 5: Golden Wind,JP,1995,80.0,38654,0.6316971803238233,0.32639924410494525,0.5652332018555024,"Mafia, Super Power, Foreign, Shounen, Travel",
78881,Darwin's Game,JP,2012,73.0,20663,0.6314897292425885,0.20433806575363334,0.4954964002369,"Male Protagonist, Battle Royale, Death Game, Shounen, Super Power",
111444,Musume no Tomodachi,JP,2019,64.0,8308,0.6312808283666769,0.3111065800899462,0.3107404450767116,"Age Gap, Seinen, Male Protagonist, Estranged Family, Female Protagonist",
87164,Criminale!,JP,2015,70.0,6100,0.6312320083985193,0.20437910229406728,0.3936510593444517,"School, Delinquents, Male Protagonist, Ensemble Cast, Crime",
107910,Gannibal,JP,2018,76.0,7939,0.6305380652243786,0.3213364360435391,0.3129677857529059,"Rural, Cannibalism, Police, Seinen, Male Protagonist",
176740,Centuria ,JP,2024,76.0,19794,0.6302824586842893,0.4239230606993937,0.6113682446691309,"Found Family, Tragedy, Fugitive, Super Power, Male Protagonist",
107327,Fight Class 3,KR,2016,76.0,5825,0.6292976811850582,0.1706344758240973,0.3355507360684065,"Martial Arts, School, Male Protagonist, Estranged Family, Anti-Hero",
33868,Shigurui,JP,2003,78.0,12707,0.6292093491760143,0.5779248338216896,0.5909739112744528,"Tragedy, Swordplay, Revenge, Samurai, Disability",
106867,My Dearest Self With Malice Aforethought,JP,2018,81.0,30063,0.6286033539471054,0.4074136144073481,0.39523983468418566,"Dissociative Identities, Revenge, Crime, Seinen, Amnesia",
137942,Easygoing Territory Defense by the Optimistic Lord: Production Magic Turns a Nameless Village into the Strongest Fortified City,JP,2021,70.0,5856,0.628115397766178,0.3294047827384783,0.46271107088864916,"Magic, Kingdom Management, Reincarnation, Male Protagonist, Isekai",
109147,Back When You Called Us Devils,JP,2017,76.0,7053,0.6281105521507976,0.353700096585831,0.4319577052909196,"Amnesia, Bullying, Revenge, Crime, Male Protagonist",
30022,Rurouni Kenshin,JP,1994,82.0,25471,0.6280086180701128,0.26217567993109175,0.5712563634350329,"Swordplay, Historical, Samurai, Shounen, Heterosexual",
85934,Overlord,JP,2014,77.0,16253,0.6277637702405608,0.37606559377800486,0.5879014927644043,"Skeleton, Anti-Hero, Magic, Video Games, Male Protagonist",
30731,Eden: It's an Endless World!,JP,1997,80.0,23120,0.6249576936520118,0.5754204523043798,0.5640902254801395,"Foreign, Tragedy, Gangs, War, Seinen",
100568,The Horizon,KR,2016,85.0,62258,0.624550202334286,0.459548598400389,0.4887280791296362,"Survival, Post-Apocalyptic, Philosophy, War, Tragedy",
100476,Kaifuku Jutsushi no Yarinaoshi,JP,2017,56.0,20686,0.6235354067447887,0.45791528732102316,0.4316880368360627,"Revenge, Rape, Male Protagonist, Bullying, Seinen",
86607,Gleipnir,JP,2015,67.0,21442,0.6228126122401784,0.300500691842014,0.46048602796474297,"Super Power, Shapeshifting, Monster Boy, Seinen, Anti-Hero",
46765,Kingdom,JP,2006,89.0,73444,0.6224102002518672,0.5022595196099335,0.5705690658219075,"Military, Historical, War, Ancient China, Politics",
121700,Kimi wa Meido-sama.,JP,2020,72.0,10518,0.6221673089412388,0.031483709703129574,0.16378750827968774,"Heterosexual, Kuudere, Assassins, Maids, School",
126986,Jibi Eopseo,KR,2018,86.0,7784,0.6219408218579986,0.22199682582203661,0.34485486345068794,"Primarily Teen Cast, Homeless, Ensemble Cast, Found Family, Coming of Age",
118695,I’m in Love with the Villainess,JP,2020,77.0,17478,0.6218807682504368,0.20854122069916378,0.21571245917360732,"Yuri, Villainess, LGBTQ+ Themes, Isekai, Female Protagonist",
126135,Bibliomania,JP,2016,78.0,22323,0.6207109267945188,0.5187730507867805,0.5446490885694986,"Philosophy, Post-Apocalyptic, Female Protagonist, Tragedy, Body Horror",
168468,Boruto: Two Blue Vortex,JP,2023,75.0,21051,0.6204538991249884,0.2991572952837692,0.6249427238752374,"Shounen, Memory Manipulation, Male Protagonist, Super Power, Ninja",
99410,The Level 999 Villager,JP,2017,65.0,10710,0.6203388340078984,0.2926923490126567,0.5249024652907577,"Male Protagonist, Virtual World, Demons, Post-Apocalyptic, Magic",
33986,Deadman Wonderland,JP,2007,74.0,50662,0.6191891885046583,0.33789115712283835,0.6156644839877323,"Death Game, Body Horror, Prison, Super Power, Gore",
87178,Boruto: Naruto Next Generations,JP,2016,67.0,48545,0.6181902728423753,0.20236230396374716,0.5255173580042313,"Shounen, Ninja, Gods, Super Power, Male Protagonist",
41896,Dawn of the Arcana,JP,2009,73.0,8784,0.6176779979898783,0.25381897211565935,0.2688384607467742,"Shoujo, Female Protagonist, Kemonomimi, Foreign, Super Power",
30445,GTO: The Early Years - Shonan Junai Gumi,JP,1990,80.0,9404,0.6154022492563029,0.15767516664007658,0.3437884215404643,"Delinquents, Shounen, Gangs, Male Protagonist, Urban",
129117,The Seven Deadly Sins: Four Knights of the Apocalypse,JP,2021,71.0,8840,0.6152620203392068,0.3975426541955567,0.648286946744266,"Shounen, Male Protagonist, Magic, Medieval, Demons",
87213,Yuuna and the Haunted Hot Springs,JP,2016,69.0,18083,0.6151591043318251,0.13037861316439237,0.34888576125613996,"Ghost, Female Harem, Male Protagonist, Nudity, Shounen",
56857,Creature!,JP,2010,63.0,6513,0.6145443592935309,0.2932404991502271,0.48728282439707726,"Kaiju, Gore, Survival, Shounen, Female Protagonist",
131640,Lost in the Cloud,KR,2020,83.0,13054,0.6143390346011123,0.25683382698764656,0.269880242160994,"Boys' Love, Coming of Age, Primarily Teen Cast, LGBTQ+ Themes, School",
98235,We Never Learn,JP,2017,75.0,33661,0.6135020010956028,0.12228596853460959,0.2235604292140238,"School, Teacher, Female Harem, Male Protagonist, Heterosexual",
138577,After God,JP,2021,77.0,14212,0.6133447874177805,0.46397323318557515,0.503007634067363,"Gods, Dissociative Identities, Seinen, Philosophy, Revenge",
98118,Isekai Shihai no Skill Taker: Zero kara Hajimeru Dorei Harem,JP,2016,55.0,6013,0.6129250168435669,0.37817512081372445,0.4944902066035696,"Male Protagonist, Female Harem, Slavery, Isekai, Martial Arts",
101311,Bakemonogatari,JP,2018,82.0,21406,0.6125674739149937,0.27041111191312367,0.502072985521283,"Urban Fantasy, Youkai, Vampire, Male Protagonist, Primarily Female Cast",
85869,The Legendary Moonlight Sculptor,KR,2015,76.0,17715,0.6125180975333656,0.35482734668051474,0.5576341569479216,"Video Games, Virtual World, Male Protagonist, Full Color, War",
141954,Akdangi Saraganeun Beop,KR,2021,69.0,9737,0.6123267767592567,0.4182555367085953,0.602452448710495,"Anti-Hero, Death Game, Full Color, Male Protagonist, Survival",
149893,Mistress Kanan is Devilishly Easy,JP,2022,68.0,14561,0.6113559694458862,0.14104673139648505,0.27343980916887156,"Large Breasts, Demons, Tsundere, Shounen, Primarily Teen Cast",
100470,Witch of Mine,KR,2016,78.0,6141,0.6108336260079916,0.20957656758700677,0.3273433749720406,"Witch, Reincarnation, Tragedy, Full Color, Ensemble Cast",
86056,Baki Dou,JP,2014,76.0,8025,0.6101406527765054,0.21422281040018357,0.5118671277557418,"Martial Arts, Gore, Samurai, Shounen, Swordplay",
31501,Sundome,JP,2005,69.0,12940,0.6100885974852308,0.3330748492680393,0.3006695404988293,"Masturbation, Tragedy, Seinen, Nudity, School Club",
33104,Helter Skelter: Fashion Unfriendly,JP,1995,74.0,11627,0.6100727056634048,0.32766708594662264,0.2970432986760077,"Josei, Female Protagonist, Fashion, Primarily Adult Cast, Philosophy",
122823,Phantom Seer,JP,2020,66.0,10249,0.6095266242130007,0.271520791214786,0.5450831842277817,"Urban Fantasy, Youkai, Shounen, Male Protagonist, Super Power",
130965,Working for God in a Godless World,JP,2019,67.0,5994,0.6094763002325304,0.40719683850740174,0.46634095809338094,"Seinen, Isekai, Religion, Gods, Mythology",
56178,Laughing Under the Clouds,JP,2010,76.0,6378,0.6093620266483767,0.2769052065314256,0.4754279227673478,"Historical, Tragedy, Shoujo, Male Protagonist, Mythology",
103238,Chronicles of an Aristocrat Reborn in Another World,JP,2018,68.0,12318,0.6092292137684477,0.2495779556858299,0.44914469812229796,"Isekai, Reincarnation, Female Harem, Male Protagonist, Gods",
127029,My Quiet Blacksmith Life in Another World,JP,2020,70.0,8363,0.6091734723125165,0.22816822246899404,0.42725610305771083,"Shounen, Isekai, Male Protagonist, Reincarnation, Magic",
87423,The Promised Neverland,JP,2016,79.0,130766,0.6081886528070057,0.4909629373245259,0.5198708494867075,"Survival, Primarily Child Cast, Body Horror, Demons, Found Family",
31517,JoJo's Bizarre Adventure Part 1: Phantom Blood,JP,1986,70.0,46693,0.6075989382659938,0.29711514268555583,0.6059404704336999,"Shounen, Vampire, Primarily Male Cast, Cultivation, Super Power",
40270,Karneval,JP,2007,75.0,7273,0.6068207813742156,0.21705965926194332,0.42839888625050004,"Circus, Josei, Amnesia, Super Power, Male Protagonist",
105393,A Returner's Magic Should Be Special,KR,2018,76.0,47890,0.606392278225256,0.3843874273035972,0.5741351933785105,"Male Protagonist, Magic, Lost Civilization, Full Color, Terrorism",
78025,Magi: The Adventures of Sinbad,JP,2013,80.0,13092,0.6061652163984625,0.40027942628140656,0.5862100247973756,"War, Politics, Magic, Economics, Coming of Age",
33575,"The Legend of the Strongest, Kurosawa!",JP,2003,82.0,11931,0.6058775021295046,0.3733574394037392,0.45929652082878286,"Philosophy, Male Protagonist, Delinquents, Bullying, Seinen",
46144,Umineko When They Cry Episode 4: Alliance of the Golden Witch,JP,2009,82.0,7771,0.6052020472481375,0.32797254959431166,0.34850339399597485,"Magic, Witch, Bullying, Meta, Cosmic Horror",
198372,Jujutsu Kaisen Modulo,JP,2025,72.0,20795,0.6042259421804707,0.2199257350500251,0.505353700235224,"Shounen, Super Power, Aliens, Female Protagonist, Male Protagonist",
30838,Angel Densetsu,JP,1993,80.0,16964,0.6039775547503646,0.17918678951526096,0.3724271567053725,"Surreal Comedy, Delinquents, Shounen, School, Male Protagonist",
103029,Thus Spoke Rohan Kishibe,JP,2013,78.0,6797,0.6038702891313374,0.07203038583242216,0.35207556138992696,"Episodic, Male Protagonist, Super Power, Urban Fantasy, Shounen",
123687,From the Red Fog,JP,2020,67.0,12609,0.6037827811756532,0.29854352104272147,0.3915209554500027,"Gore, Assassins, Anti-Hero, Foreign, Male Protagonist",
36520,Hana to Akuma,JP,2007,76.0,6322,0.6036633915543484,0.22215852369422912,0.2709598575358996,"Demons, Shoujo, Female Protagonist, Heterosexual, Love Triangle",
107462,The Demon Girl Next Door,JP,2014,81.0,6396,0.6030756739566722,0.1994771821575331,0.22100416837347697,"Urban Fantasy, Female Protagonist, Demons, Primarily Female Cast, Magic",
30418,Mushishi,JP,1999,85.0,28386,0.6027891083623752,0.3186924488996184,0.41879667549579497,"Travel, Episodic, Environmental, Youkai, Seinen",
148305,Within The Villainess,JP,2021,83.0,9940,0.6025533400675409,0.33538591262891315,0.3589592696434913,"Revenge, Villainess, Anti-Hero, Female Protagonist, Ojou-sama",
132029,Dandadan,JP,2021,82.0,111583,0.6024320113849302,0.2788606973407635,0.5057891278129532,"Youkai, Urban Fantasy, Ghost, Aliens, Super Power",
104494,Martial Peak,CN,2018,73.0,24935,0.6016113451406899,0.42537306960794663,0.5661694304571182,"Wuxia, Male Protagonist, Martial Arts, Cultivation, Full Color",
86770,"The Girl From the Other Side: Siúil, a Rún",JP,2015,82.0,45027,0.600580349824523,0.43269662599630565,0.4593096617755653,"Fairy Tale, Rural, Anthropomorphism, Male Protagonist, Female Protagonist",
129882,Hell Mode - The Hardcore Gamer Dominates in Another World with Garbage Balancing,JP,2020,70.0,8041,0.600317153546855,0.30477408472022804,0.5229874169513353,"Isekai, Reincarnation, Male Protagonist, Magic, Swordplay",
30010,xxxHOLiC,JP,2003,82.0,23284,0.5998068825061326,0.32046781665312624,0.39406268814749024,"Magic, Youkai, Mythology, Ghost, Seinen",
109140,Rettougan no Tensei Majutsushi: Shiitagerareta Moto Yuusha wa Mirai no Sekai wo Yoyuu de Ikinuku,JP,2018,62.0,12684,0.5993694586237976,0.299181100338899,0.4997612387073328,"Magic, School, Male Protagonist, Reincarnation, Time Skip",
102988,Tokyo Revengers,JP,2017,74.0,115623,0.5985976386107278,0.2800945425676365,0.5078734961830844,"Delinquents, Gangs, Time Manipulation, Time Skip, Tragedy",
86136,Happiness,JP,2015,73.0,41302,0.5985963170964069,0.35123121852413597,0.46703175425498555,"Vampire, Tragedy, Primarily Teen Cast, Torture, Gore",
52519,To Love Ru Darkness,JP,2010,75.0,13335,0.5982477387436045,0.12041933744033938,0.23165335029419998,"Nudity, Shounen, Female Harem, Aliens, Large Breasts",
43801,Drifters,JP,2009,75.0,13136,0.5977573971360599,0.4142631869965401,0.5286449807618641,"War, Seinen, Historical, Isekai, Samurai",
39547,Umineko When They Cry Episode 2: Turn of the Golden Witch,JP,2009,74.0,9179,0.5969913383498271,0.3299313721088908,0.43581776959188884,"Witch, Magic, Meta, Male Protagonist, Shounen",
115735,Maou-sama ni Shoukan Sareta kedo Kotoba ga Tsuujinai.,JP,2019,70.0,7034,0.5969402381304588,0.18701157202561697,0.25795079223128264,"Isekai, Language Barrier, Primarily Female Cast, Heterosexual, Iyashikei",
87293,Kenja no Mago,JP,2016,65.0,14302,0.5968661372587701,0.3753435070748327,0.5109539158852592,"Male Protagonist, Isekai, Magic, Seinen, Heterosexual",
30657,Real,JP,1999,89.0,48381,0.596370178222706,0.40124508177656915,0.3587960066028735,"Coming of Age, Ensemble Cast, Disability, Male Protagonist, Seinen",
114998,Bungo Stray Dogs Beast,JP,2019,85.0,9030,0.5959447915609577,0.30864815592751393,0.5691970264773787,"Anti-Hero, Mafia, Alternate Universe, Super Power, Primarily Male Cast",
85250,Real Account,JP,2014,65.0,11130,0.5959053488844198,0.28584398497906627,0.46984884465471466,"Death Game, Shounen, Gore, Satire, Male Protagonist",
126559,Fool Night,JP,2020,80.0,10751,0.595717475296917,0.3404819897559114,0.35284323457267874,"Eco-Horror, Seinen, Post-Apocalyptic, Dystopian, Class Struggle",
118730,Brutal,JP,2019,76.0,16763,0.5953062810736709,0.3342625702002826,0.3122013105313055,"Crime, Detective, Anti-Hero, Sadism, Gore",
167165,Cleric of Decay,KR,2023,73.0,12428,0.5946821875608853,0.3917598922955966,0.5534676373385026,"Male Protagonist, Full Color, Religion, Gods, Isekai",
100584,Sewayaki Kitsune no Senko-san,JP,2017,77.0,13141,0.5945921496489402,0.26762622352934634,0.35076514069254366,"Iyashikei, Kemonomimi, Gods, Male Protagonist, Mythology",
167022,Wild Strawberry,JP,2023,63.0,7390,0.5944964065604492,0.30435847590773313,0.544342295022521,"Eco-Horror, Post-Apocalyptic, Dystopian, Gore, Conspiracy",
81233,The Heroic Legend of Arslan,JP,2013,75.0,9330,0.5941202169694209,0.4501013218827776,0.6219588300843648,"Historical, War, Military, Foreign, Politics",
120493,Kuchi ga Saketemo Kimi ni wa,JP,2020,72.0,7033,0.5940687945082405,0.1390504630029316,0.30871810049028936,"Male Protagonist, Female Protagonist, Age Gap, Shounen, Tsundere",
116266,"Girlfriend, Girlfriend",JP,2020,68.0,21802,0.5934871911271045,0.08332473060685093,0.1969874704652979,"Female Harem, Surreal Comedy, Parody, Heterosexual, Nudity",
73913,Feng Shen Ji,CN,2010,77.0,8083,0.5933014013392099,0.26657516103577494,0.46470063838226905,"Slavery, Super Power, Reincarnation, Gods, Historical",
86833,Yagiza no Yuujin,JP,2014,74.0,6873,0.5928767084282517,0.14323001260109278,0.4040823219347857,"Bullying, Suicide, Male Protagonist, Primarily Teen Cast, Fugitive",
98569,An Uncomfortable Truth,KR,2016,76.0,6214,0.5925422746371093,0.21964847660026673,0.2889090911899352,"Yandere, Tragedy, Full Color, Primarily Teen Cast, School",
117728,What Happens Inside the Dungeon,KR,2019,78.0,8005,0.5924918006496881,0.3141741264155391,0.3982767517280937,"Sex Toys, Demons, Masturbation, Nudity, Conspiracy",
41652,Kuroko's Basketball,JP,2008,77.0,16932,0.5924764227412305,0.13004018716884613,0.2918939781673485,"School, Basketball, Shounen, Super Power, School Club",
54808,Kami no Kodomo,JP,2009,64.0,9771,0.5923700433982705,0.4252251815888827,0.38084986725551695,"Gore, Cult, Ero Guro, Anti-Hero, Tragedy",
108258,"I'm the Villainess, So I'm Taming the Final Boss",JP,2018,74.0,8946,0.5917156019147177,0.23663292871810973,0.2855577352588928,"Villainess, Dragons, Female Protagonist, Reincarnation, Demons",
85208,DICE,KR,2013,66.0,16633,0.5915934775287531,0.31383206807448105,0.4970056988067907,"Death Game, Tragedy, Super Power, Battle Royale, Magic",
103621,Saotome Shimai wa Manga no Tame Nara!?,JP,2018,64.0,9096,0.5913399292131905,0.12723344591224273,0.20654841783216804,"Nudity, Heterosexual, Work, Female Harem, Drawing",
150378,Gokurakugai,JP,2022,76.0,41263,0.5910769790394373,0.25987664739740346,0.5465654401623463,"Urban Fantasy, Female Protagonist, Male Protagonist, Shounen, Body Horror",
110396,Kitanai Kimi ga Ichiban Kawaii,JP,2019,72.0,11519,0.5906243526413972,0.1822098129966707,0.19454147547036757,"Yuri, Female Protagonist, Tragedy, Psychosexual, Bullying",
135129,Vagabond: Saigo no Manga-ten,JP,2008,88.0,8501,0.5905010593717456,0.4232138950483688,0.5290213477090975,"Philosophy, Samurai, Seinen, Swordplay, Afterlife",
31149,Fist of the North Star,JP,1983,79.0,18473,0.5901563736415404,0.31440234553979285,0.5510971449399549,"Male Protagonist, Post-Apocalyptic, Martial Arts, Shounen, Tragedy",
30670,Bokurano: Ours,JP,2003,77.0,12335,0.590120885985815,0.43508571601211127,0.39697890972230504,"Cosmic Horror, Tragedy, Philosophy, Ensemble Cast, Alternate Universe",
30047,Reborn!,JP,2004,77.0,27152,0.5898913714647593,0.18124328502099807,0.428498379139005,"Mafia, Shounen, Super Power, Male Protagonist, Slapstick",
101134,Hardcore Leveling Warrior,KR,2016,75.0,15157,0.5893466285620494,0.3153737330288966,0.5406382569549117,"Video Games, Virtual World, Gambling, Full Color, Gangs",
81493,Qualia the Purple,JP,2011,75.0,6083,0.5892455933534549,0.2820286902733543,0.3888586950894936,"Alternate Universe, Super Power, Female Protagonist, Philosophy, Revenge",
108251,"Umarekawattemo Mata, Watashi to Kekkon Shitekuremasu ka",JP,2017,84.0,14133,0.5889103398922876,0.26729232177851536,0.23949219051541923,"Tragedy, War, Family Life, Achronological Order, Found Family",
118991,Demon Slayer: Kimetsu no Yaiba - Kyojuro Rengoku’s Story,JP,2020,77.0,5859,0.5888815126238961,0.254635360343672,0.6148426343567975,"Male Protagonist, Demons, Swordplay, Shounen, Historical",
98563,The Nectar of the Divine Mantra,JP,2016,64.0,5857,0.5888513713523461,0.4551890536467691,0.5116439901764459,"Military, Isekai, Male Protagonist, Henshin, Magic",
128160,Tying the Knot with an Amagami Sister,JP,2021,74.0,14117,0.5885411098962802,0.1813953747531923,0.32936280980195287,"Shrine Maiden, Female Harem, Male Protagonist, Found Family, Primarily Female Cast",
54561,As the Gods Will,JP,2011,68.0,12232,0.5883045799961631,0.3450006935722083,0.5757423594180621,"Battle Royale, Male Protagonist, Death Game, Survival, Gore",
31183,Cross Game,JP,2005,83.0,7643,0.5880968961226762,0.19716366396455898,0.3180062034301199,"Shounen, Coming of Age, Tragedy, Baseball, Tsundere",
75143,Kono Oto Tomare!,JP,2012,88.0,23517,0.5872766348491356,0.20753515649673987,0.3044469145867967,"School Club, School, Band, Coming of Age, Ensemble Cast",
37482,RAINBOW: Nisha Rokubou no Shichinin,JP,2002,84.0,15443,0.5872730622968557,0.4714025132418771,0.4277942053145524,"Historical, Rape, Rehabilitation, Tragedy, Seinen",
106760,"Moto Sekai 1-i no Sub Chara Ikusei Nikki: Hai Player, Isekai wo Kouryaku-chuu!",JP,2018,67.0,8392,0.5863441878310858,0.28327985177552456,0.4949836363349879,"Isekai, Shounen, Male Protagonist, Magic, Female Harem",
47353,A Girl on the Shore,JP,2009,69.0,32011,0.5858754602717714,0.34453364726540947,0.31002620084198185,"Psychosexual, Coming of Age, Seinen, Nudity, Rural",
180752,Ichi the Witch,JP,2024,79.0,25696,0.5858303096843209,0.33814020719231264,0.5004296937441493,"Magic, Male Protagonist, Witch, Found Family, Shounen",
148026,Let’s Run an Inn on Dungeon Island! (In a World Ruled by Women),JP,2020,65.0,5952,0.5849191710906329,0.26100762848603287,0.42156790209345407,"Primarily Female Cast, Male Protagonist, Isekai, Magic, Shounen",
80027,About Death,KR,2012,76.0,7450,0.5848090436588189,0.24913898360034775,0.3443351968016325,"Philosophy, Gods, Afterlife, Reincarnation, Episodic",
38341,CØDE:BREAKER,JP,2008,68.0,6957,0.5847357728986955,0.22611968704682892,0.49867435985872666,"Shounen, Super Power, Slapstick, Anti-Hero, Revenge",
101942,Heavenly Delusion,JP,2018,80.0,25604,0.5840112879430752,0.43135644082547553,0.47450238283102814,"Post-Apocalyptic, Tragedy, Seinen, Male Protagonist, Survival",
109018,Ingoshima,JP,2018,50.0,5985,0.5837185940241796,0.41354906548199954,0.4438586588502848,"Rape, Nudity, Tragedy, Gore, Survival",
117540,Beware the Villainess!,KR,2020,77.0,25571,0.583463610509286,0.19753588448014597,0.2694613851020757,"Female Protagonist, Villainess, Reincarnation, Full Color, Isekai",
30740,MPD Psycho,JP,1996,71.0,11126,0.5834465095732805,0.25516681773115213,0.27867114731368875,"Dissociative Identities, Detective, Clone, Male Protagonist, Police",
122123,The NPCs in this Village Sim Game Must Be Real!,JP,2019,76.0,6576,0.5830906272686638,0.33987685627714553,0.37464209263519344,"Virtual World, Hikikomori, Rehabilitation, Male Protagonist, Gods",
86123,Black Clover,JP,2015,77.0,104160,0.5828229066352265,0.37959766838086423,0.5366125259403505,"Magic, Shounen, Super Power, Demons, Male Protagonist",
71709,Yuureitou,JP,2010,72.0,5994,0.5826253606739138,0.3721329260147594,0.4457253561243107,"Tragedy, Seinen, Noir, Detective, Transgender",
113016,Mysterious Disappearances,JP,2019,71.0,7327,0.5823990929215505,0.2602741581261576,0.32167524435247863,"Urban Fantasy, Demons, Female Protagonist, Ghost, Nudity",
101756,She's Adopted a High School Boy!,JP,2018,64.0,11156,0.5821615538888344,0.07661145894948519,0.22751849306269617,"Male Protagonist, Age Gap, Shounen, Female Protagonist, Female Harem",
101793,By the Grace of the Gods,JP,2017,72.0,9356,0.582036539606887,0.21977477466678233,0.4086248298150692,"Magic, Shounen, Creature Taming, Isekai, Reincarnation",
97827,"Why the Hell Are You Here, Teacher?!",JP,2015,64.0,14284,0.5818811224929424,0.21904241890071824,0.1955400159768365,"Nudity, Teacher, Ensemble Cast, School, Male Protagonist",
101177,Fly Me to the Moon,JP,2018,80.0,40266,0.5817158181593862,0.12322935145872546,0.20372859667593185,"Marriage, Iyashikei, Heterosexual, Family Life, Historical",
30463,Welcome to the N.H.K.,JP,2004,78.0,18455,0.5809379146005428,0.2827217530003566,0.3511671886915792,"Hikikomori, Otaku Culture, Rehabilitation, Primarily Adult Cast, Tragedy",
85400,Akame ga KILL! ZERO,JP,2013,70.0,10185,0.5804831481844053,0.45539771287246994,0.6087284478924824,"Assassins, Tragedy, Female Protagonist, Super Power, Ensemble Cast",
86235,Kiss & White Lily for My Dearest Girl,JP,2013,76.0,7622,0.5804050972006904,0.15692718084708554,0.13903025268748997,"Yuri, School, Ensemble Cast, Primarily Female Cast, Female Protagonist",
150836,The Academy's Undercover Professor,KR,2022,76.0,21384,0.579995716193943,0.2928012377555756,0.49587272063158316,"School, Teacher, Conspiracy, Magic, Full Color",
138072,JoJo no Kimyou na Bouken: The JOJOLands,JP,2023,82.0,27959,0.5799638315603886,0.3659651838464947,0.5351995217009823,"Crime, Super Power, Foreign, Seinen, Male Protagonist",
138039,Don't Tell Mom!,KR,2021,76.0,7693,0.5797785686651469,0.14422711763355833,0.14917632387510507,"Large Breasts, Female Harem, Full Color, Heterosexual, Age Gap",
30051,Slam Dunk,JP,1990,90.0,72021,0.5792010457891899,0.2156872253492625,0.34648026759884554,"Basketball, Male Protagonist, Primarily Male Cast, Ensemble Cast, Shounen",
98689,King's Maker,KR,2017,81.0,10795,0.5790759054129382,0.39447316330794024,0.4257880345506635,"Politics, Coming of Age, Revenge, Full Color, Boys' Love",
101521,The Faraway Paladin,JP,2017,77.0,15653,0.57828665175776,0.4586543028783604,0.5803248763934612,"Magic, Male Protagonist, Philosophy, Tragedy, Coming of Age",
30416,SIDOOH,JP,2005,75.0,6951,0.5782663593634416,0.4142281198253533,0.4288624118413939,"Swordplay, Seinen, Historical, Samurai, Orphan",
126693,Choujin X,JP,2021,76.0,47097,0.5776068985487636,0.4507683109313962,0.5236809411218226,"Urban Fantasy, Henshin, Super Power, Body Horror, Seinen",
86508,Dragon Ball Super,JP,2015,72.0,33871,0.5774081629748671,0.1594122993879319,0.42377175502166053,"Super Power, Martial Arts, Male Protagonist, Henshin, Shounen",
31400,Abara,JP,2005,64.0,13167,0.5773848282596046,0.3674221111806635,0.48689322095174614,"Seinen, Cyberpunk, Primarily Adult Cast, Body Horror, Male Protagonist",
111073,Namae no Nai Kaibutsu: Kumo to Shoujo to Ryouki Satsujin,JP,2018,66.0,6073,0.5771880238196052,0.316211040943963,0.4019473559291211,"Monster Girl, Yandere, Aliens, Tragedy, Female Protagonist",
107267,Kengan Omega,JP,2019,74.0,11864,0.5770731658037285,0.188469971621696,0.43506771322764604,"Martial Arts, Athletics, Ensemble Cast, Conspiracy, Male Protagonist",
64053,Umineko When They Cry Episode 8: Twilight of the Golden Witch,JP,2012,91.0,11327,0.5768042309371082,0.3287827492749655,0.4446998884074007,"Magic, Dissociative Identities, Tragedy, Philosophy, Witch",
30928,Pokémon Adventures,JP,1997,79.0,16188,0.5767501792714926,0.32870316085365614,0.4781956119387434,"Travel, Animals, Primarily Child Cast, Ensemble Cast, Coming of Age",
151512,My Blasted Reincarnated Life,KR,2022,78.0,33211,0.5761450962735629,0.4425005626331525,0.6196564950218448,"Male Protagonist, Reincarnation, Full Color, Swordplay, Magic",
121762,My New Devil Wife,JP,2020,69.0,8544,0.5759707519784311,0.15167293511505617,0.2549500005165505,"Age Gap, Male Protagonist, MILF, Demons, Heterosexual",
38652,Zankoku na Kami ga Shihai Suru,JP,1993,81.0,6087,0.5759215468992183,0.3734880189978001,0.31900683394416807,"Rape, Foreign, Family Life, Josei, Revenge",
178096,MAD,JP,2024,73.0,6507,0.5759198202376341,0.2010388268358368,0.44958658660086415,"Aliens, Post-Apocalyptic, Tragedy, Cult, Human Experimentation",
177706,The Knight Only Lives Today,KR,2024,85.0,22813,0.575880814202553,0.2946643714021444,0.49544673524378235,"Time Loop, Swordplay, War, Martial Arts, Curses",STRONG_POS
168984,Phantom Busters,JP,2023,80.0,8201,0.5757535311683268,0.13792952845316328,0.3439788936309857,"Exorcism, Male Protagonist, Ghost, Ensemble Cast, School",
147586,The Perks of Being an S-Class Heroine,KR,2022,79.0,10787,0.5755817688954286,0.26916649103397655,0.3705800527285492,"Reincarnation, Isekai, Long Strip, Royal Affairs, Female Protagonist",
30676,InuYasha,JP,1996,77.0,16776,0.5754277252034103,0.311616811467302,0.4563018696899489,"Demons, Youkai, Shounen, Historical, Kemonomimi",
119493,Ayakashi Triangle,JP,2020,66.0,12480,0.5753786119658204,0.13041234986762762,0.362621367574921,"Gender Bending, Female Protagonist, Ninja, Youkai, Nudity",
99324,Welcome to Demon School! Iruma-kun,JP,2017,83.0,35554,0.5753473470553745,0.2651139164092814,0.3759222155110543,"Demons, Ensemble Cast, Found Family, School, Male Protagonist",
153513,Tyrant of the Tower Defense Game,KR,2022,78.0,16465,0.5750904952709986,0.4224602883585348,0.5413922422378775,"Kingdom Management, Survival, War, Military, Tragedy",
103156,The Skeleton Soldier Failed to Defend the Dungeon,KR,2018,73.0,24425,0.5750725383135081,0.36582495226574024,0.5795797147629624,"Time Manipulation, Skeleton, Conspiracy, Reincarnation, Tragedy",MOD_POS
111390,Love After World Domination,JP,2019,73.0,9499,0.5749221452744938,0.120512953011812,0.35625054558464636,"Heterosexual, Superhero, Tokusatsu, Villainess, Shounen",
101563,Grandmaster of Demonic Cultivation: Mo Dao Zu Shi,CN,2017,84.0,14352,0.5744122465682033,0.41132870237384495,0.6020408026828887,"Wuxia, Cultivation, Boys' Love, Tragedy, Historical",
103204,An Observation Log of My Fiancée Who Calls Herself a Villainess,JP,2018,77.0,8287,0.5744039075852285,0.1236226599146734,0.18780927758473911,"Villainess, Reincarnation, Isekai, Ojou-sama, Kuudere",
114542,Your Throne,KR,2020,78.0,21488,0.5743678895609936,0.4511671614082302,0.46296461433199115,"Female Protagonist, Revenge, Foreign, Anti-Hero, Body Swapping",
106601,The Misfit of Demon King Academy,JP,2018,69.0,9433,0.5740406423305883,0.31114510596658995,0.4147831759031659,"School, Reincarnation, Magic, Demons, Seinen",
134327,My 990 Thousand Past Lives Help Me,KR,2021,64.0,6338,0.5739368442541705,0.3240045896697599,0.49038805272385544,"Reincarnation, Full Color, Male Protagonist, Magic, Primarily Adult Cast",
86432,Akashic Records of Bastard Magic Instructor,JP,2015,69.0,6839,0.5738755922292366,0.2014651546718306,0.42462695821902485,"School, Shounen, Magic, Teacher, Male Protagonist",
117195,[Oshi no Ko],JP,2020,78.0,103874,0.5731127029326486,0.29794062884277656,0.37279514614398934,"Revenge, Acting, Idol, Tragedy, Reincarnation",
33438,PSYЯEN,JP,2007,75.0,22771,0.5730861838510359,0.2441502235928102,0.5181002003137765,"Shounen, Death Game, Dystopian, Super Power, Heterosexual",
33009,JoJo's Bizarre Adventure Part 6: Stone Ocean,JP,1999,82.0,71435,0.5728084902881697,0.35375820915453327,0.582191106398795,"Female Protagonist, Super Power, Prison, Tragedy, Urban Fantasy",
87296,Cardcaptor Sakura: Clear Card Arc,JP,2016,80.0,6833,0.5725750406801757,0.16967109235551897,0.2647020970406068,"Magic, Shoujo, Time Manipulation, Dissociative Identities, Urban Fantasy",
157391,Dark Summoner to Dekiteiru,JP,2021,67.0,6890,0.5719633611313641,0.21157863751018835,0.27396650989124516,"Large Breasts, Demons, Ensemble Cast, Heterosexual, Tsundere",
40552,Lucifer and the Biscuit Hammer,JP,2005,80.0,20483,0.5716279496272317,0.4344948010561993,0.585436891058912,"Coming of Age, Male Protagonist, Tragedy, Magic, Ensemble Cast",
149332,The Swordmaster's Son,KR,2022,79.0,40344,0.5715312861567479,0.39329828466773076,0.5933605244423494,"Male Protagonist, Age Regression, Swordplay, Full Color, Reincarnation",
135325,The Lazy Lord Masters the Sword,KR,2021,77.0,30297,0.5714998476300172,0.40551817554501907,0.5738090212774893,"Full Color, Swordplay, Coming of Age, Demons, Alternate Universe",
162901,Mii-chan Wants to Be Kept,JP,2023,68.0,6649,0.5712888758229175,0.1767570612099209,0.19602998291609525,"Nekomimi, Shapeshifting, Heterosexual, Seinen, Male Protagonist",
152284,Reincarnation Coliseum: The Weakest Skill Conquers the Strongest Women and Creates a Harem,JP,2022,66.0,11456,0.5705316700627138,0.2842795526354646,0.3825402632020363,"Slavery, Isekai, Female Harem, Nudity, Magic",
124139,Orb: On the Movements of the Earth,JP,2020,82.0,9815,0.5705224692572519,0.4035638130246644,0.3806017961069159,"Historical, Astronomy, Seinen, Foreign, Conspiracy",
30915,Rookies,JP,1998,82.0,11131,0.5704263269544502,0.109679633321616,0.20098801784191825,"Baseball, Delinquents, Coming of Age, Shounen, Teacher",
84779,"Kiss Him, Not Me",JP,2013,71.0,12365,0.5699107576198102,0.10245218670563629,0.10543565534685512,"Male Harem, Otaku Culture, School, Coming of Age, Mixed Gender Harem",
100560,My Next Life as a Villainess: All Routes Lead to Doom!,JP,2017,75.0,13163,0.5699081597308862,0.13394179511360088,0.17184886471582825,"Female Protagonist, Reincarnation, Villainess, Isekai, Mixed Gender Harem",
31373,Nijigahara Holograph,JP,2003,72.0,18840,0.5697533714463164,0.44012691447963337,0.38418198564166417,"Achronological Order, Denpa, Philosophy, Seinen, Tragedy",
30023,Ranma ½,JP,1987,78.0,14669,0.5696665196704584,0.17510494428249052,0.34430908717720765,"Gender Bending, Love Triangle, Ensemble Cast, Henshin, Martial Arts",
123777,This Monster Wants to Eat Me,JP,2020,80.0,13363,0.569622319555544,0.3174008105797685,0.3074295621240011,"Tragedy, Mermaid, Monster Girl, Youkai, Yuri",
85702,Konosuba: God's Blessing on This Wonderful World!,JP,2014,79.0,10525,0.5694597096583138,0.2255775085911419,0.36199617281809193,"Magic, Isekai, Parody, Medieval, Slapstick",
109728,The Ice Guy and the Cool Girl,JP,2018,76.0,18911,0.5693387190949181,0.12475215804524381,0.2453853829697007,"Primarily Adult Cast, Heterosexual, Male Protagonist, Office Lady, Youkai",
99931,The Strongest Sage with the Weakest Crest,JP,2017,65.0,11018,0.5692450230740506,0.2864994243166306,0.5466072919410773,"Reincarnation, Male Protagonist, Magic, Demons, Shounen",
30142,Battle Royale,JP,2000,74.0,18618,0.5688452706728507,0.4667359948556824,0.5291135314062025,"Battle Royale, Tragedy, Male Protagonist, Guns, Seinen",
30001,Monster,JP,1994,90.0,103689,0.5687229282391083,0.37757569272395086,0.42961490281547937,"Seinen, Conspiracy, Philosophy, Crime, Tragedy",
97553,Three Days of Happiness,JP,2016,86.0,81272,0.5686698620904322,0.294914151346913,0.45363030303640384,"Philosophy, Tragedy, Coming of Age, Male Protagonist, Primarily Adult Cast",
85529,"Urami Koi, Koi, Urami Koi.",JP,2014,76.0,6220,0.5686016968280964,0.08605852028699666,0.27713924811842544,"Youkai, Shounen, Nekomimi, Revenge, Love Triangle",
105395,Orenchi ni Kita Onna Kishi to Inakagurashi Surukotoninatta Ken,JP,2018,66.0,5909,0.5685694570418012,0.10418804962445886,0.1403306920915928,"Rural, Age Gap, Reverse Isekai, Agriculture, Urban Fantasy",
31695,Message to Adolf,JP,1983,80.0,10861,0.5685002044445049,0.3672775440470975,0.32903922922069573,"Historical, War, Military, Torture, Fugitive",
30869,Zatch Bell!,JP,2001,82.0,13587,0.5682633806725231,0.38083222178064785,0.5779002180483847,"Battle Royale, Shounen, Magic, Male Protagonist, Coming of Age",
88577,Dissolving Classroom,JP,2013,67.0,9832,0.5682099035112536,0.2979920793902686,0.3523102381295016,"Body Horror, School, Demons, Tragedy, Mythology",
108952,PIGPEN,KR,2019,79.0,16985,0.5680013538447705,0.4142249422119179,0.4200726806652939,"Amnesia, Anti-Hero, Body Horror, Male Protagonist, Achronological Order",
85364,One Punch Man,JP,2009,82.0,13005,0.5676993816616658,0.2707180017462112,0.4554123629479357,"Superhero, Super Power, Meta, Philosophy, Parody",
75613,Pupa,JP,2011,51.0,6399,0.5676425996011994,0.4060147646544412,0.44430574065077244,"Body Horror, Gore, Tragedy, Cannibalism, Shounen",
158448,I'm Not That Kind of Talent,KR,2022,73.0,13475,0.5672476145210495,0.41895211419169365,0.5821169263846363,"Dissociative Identities, Male Protagonist, Tragedy, Demons, Magic",
54822,Trinity Seven: The Seven Magicians,JP,2010,73.0,13422,0.5667347960285826,0.205997574709336,0.3874754622760152,"Nudity, Magic, Female Harem, Primarily Female Cast, Male Protagonist",
30671,To Love Ru,JP,2006,71.0,18440,0.566532853635451,0.09406195699934183,0.25124776153240314,"Female Harem, Nudity, Male Protagonist, Heterosexual, Aliens",
30401,Parasyte,JP,1989,82.0,31842,0.5663545196073648,0.45270598714311727,0.5241515687351912,"Male Protagonist, Seinen, Body Horror, Aliens, Shapeshifting",
128963,Surviving Romance,KR,2021,80.0,11823,0.5661360818528247,0.22546455127073228,0.35436972773352415,"Time Manipulation, Zombie, Survival, Meta, School",
151444,Mujina into the Deep,JP,2023,69.0,8142,0.5660700218880788,0.31783477713223474,0.4226959555244934,"Female Protagonist, Swordplay, Assassins, Seinen, Dystopian",
118519,Villainess Level 99: I May Be the Hidden Boss But I'm Not the Demon Lord,JP,2020,73.0,12509,0.5658869482753642,0.1546623174153573,0.18120025793622352,"Female Protagonist, School, Isekai, Villainess, Reincarnation",
35651,Crows,JP,1990,80.0,10458,0.5656034603743304,0.1263602955188184,0.36707772481148504,"Delinquents, Shounen, School, Martial Arts, Gangs",
96344,"Hachi-nan tte, Sore wa Nai deshou!",JP,2015,63.0,6902,0.5655871819026699,0.3754712989648308,0.43784372688997164,"Male Protagonist, Reincarnation, Politics, Heterosexual, Royal Affairs",
107087,Dungeon Majesty,KR,2017,62.0,7519,0.5648391598122603,0.29146698298900275,0.47927655770076805,"Demons, Isekai, Dungeon, Reincarnation, Full Color",
66099,GREEN BLOOD,JP,2011,74.0,15624,0.5648048531337017,0.3628621629819653,0.43205548596249144,"Historical, Seinen, Guns, Primarily Male Cast, Mafia",
124056,My Secretly Hot Husband,KR,2020,74.0,13180,0.564696349053834,0.1832493721754886,0.23914273242219386,"Female Protagonist, Demons, Full Color, Kingdom Management, Royal Affairs",
98900,Skeleton Knight in Another World,JP,2017,69.0,13570,0.5645749673466777,0.33429565776683723,0.4992645212648045,"Male Protagonist, Elf, Isekai, Skeleton, Kemonomimi",
107559,"Please Put Them On, Takamine-san",JP,2019,64.0,27425,0.5641745635359524,0.11394808972556378,0.22334834458372715,"Tsundere, Nudity, Time Manipulation, Femdom, Slavery",
114605,Latna Saga: Survival of a Sword King,KR,2019,76.0,33874,0.5641577462913457,0.3610849839481607,0.5712640040393956,"Male Protagonist, Swordplay, Isekai, Full Color, Magic",
110605,Leviathan,KR,2018,82.0,19776,0.5636931238409358,0.4746181262740132,0.6338181959613033,"Post-Apocalyptic, Kaiju, Tragedy, Survival, Male Protagonist",
86265,Kengan Ashura,JP,2012,81.0,26753,0.5636709622405642,0.242472824302213,0.4747751792539133,"Martial Arts, Ensemble Cast, Wrestling, Male Protagonist, Primarily Adult Cast",
108349,Kujibiki Tokushou: Musou Harem-ken,JP,2018,59.0,6299,0.5635407502663418,0.387949901988058,0.5045599600173696,"Female Harem, Nudity, Isekai, Seinen, Polyamorous",
30970,The Drifting Classroom,JP,1972,71.0,10201,0.5634666582624211,0.20931908084284168,0.35229378610536377,"Survival, School, Post-Apocalyptic, Time Manipulation, Gore",
70175,Magical Girl Apocalypse,JP,2012,62.0,12817,0.5634288444861264,0.25236482059293297,0.37932208360073577,"Gore, Shounen, Dissociative Identities, Urban, Zombie",
31061,Case Closed,JP,1994,82.0,17576,0.563355176060883,0.18303454989710888,0.3840213072878543,"Detective, Crime, Age Regression, Police, Male Protagonist",
135317,I Get Stronger the More I Eat,KR,2021,68.0,12410,0.5629374047755165,0.2977062224733926,0.514781921457276,"Isekai, Shapeshifting, Anti-Hero, Male Protagonist, Full Color",
187140,Destined To Be Loved by the Villains,KR,2025,66.0,7561,0.562455184471677,0.2584369560808977,0.45068369024638644,"Female Harem, Male Protagonist, Full Color, Demons, Reincarnation",
30079,Red River,JP,1995,76.0,6753,0.5624468005157385,0.3822832930520433,0.48025753695422835,"Historical, Foreign, Female Protagonist, Shoujo, Royal Affairs",
87384,Sacrificial Princess and the King of Beasts,JP,2015,76.0,6332,0.5618745903350438,0.341995606412938,0.27491376135748696,"Shoujo, Politics, Monster Boy, Animals, Female Protagonist",
85435,The Ancient Magus' Bride,JP,2013,81.0,28248,0.5618334252473469,0.25490222031630155,0.3490860620805942,"Magic, Female Protagonist, Bullying, Foreign, Mythology",
142144,"Villager A Wants to Save the Villainess at All Costs: The Trench, the Sky, and the Ice Princess",JP,2021,69.0,7132,0.5618164180343054,0.20377215840629526,0.24008917352571651,"Isekai, Magic, Reincarnation, Video Games, Villainess",
87217,Innocent Rouge,JP,2015,83.0,17190,0.561508114192594,0.44203256432037885,0.3196206443127158,"Historical, Seinen, Dystopian, Female Protagonist, Foreign",
98014,Reincarnated as a Sword,JP,2016,73.0,16793,0.5614140877711041,0.24907753952703382,0.4214951111841182,"Reincarnation, Kemonomimi, Female Protagonist, Isekai, Anthropomorphism",
31630,JoJo's Bizarre Adventure Part 2: Battle Tendency,JP,1987,78.0,36571,0.5613720425825285,0.3117343874376358,0.6114882826699266,"Super Power, Shounen, Male Protagonist, Foreign, Cultivation",
33116,Black Bird,JP,2006,68.0,7564,0.5613671210308079,0.16384044885917431,0.35641904122285306,"Youkai, Shoujo, Heterosexual, Female Protagonist, Urban Fantasy",
108817,Demon Slayer: Kimetsu no Yaiba - Giyu Tomioka’s Story,JP,2019,74.0,6555,0.5610771114585176,0.25005315861883304,0.6080018734438585,"Shounen, Swordplay, Demons, Historical, Male Protagonist",
30050,Shaman King,JP,1998,75.0,19047,0.5608883520282208,0.23014597027050743,0.5410462371309188,"Male Protagonist, Mythology, Shounen, Super Power, Primarily Male Cast",
150440,RuriDragon,JP,2022,77.0,32455,0.5608187831879115,0.08833253854876781,0.23601289967615346,"Monster Girl, Coming of Age, Female Protagonist, Dragons, School",
106680,I Belong to House Castielo,KR,2018,64.0,7673,0.5606596322582864,0.11939224149251776,0.18557125751931952,"Female Protagonist, Age Gap, Full Color, Royal Affairs, Long Strip",
30933,Elfen Lied,JP,2002,70.0,19923,0.5602400555191012,0.4737421908297108,0.537653943981648,"Body Horror, Philosophy, Tragedy, Female Protagonist, Female Harem",
170894,The 100th Regression of the Max-Level Player,KR,2023,77.0,20197,0.5600832806505812,0.29912660301392563,0.5429528236647849,"Reincarnation, Age Regression, Survival, Time Manipulation, Death Game",
125636,The Max Level Hero Strikes Back!,KR,2020,72.0,30048,0.5600130004851536,0.4370785353252461,0.6262217045879542,"Male Protagonist, Politics, Full Color, Magic, Conspiracy",
85165,Innocent,JP,2013,81.0,33847,0.5599928593689539,0.5061477207582068,0.4712306222702187,"Historical, Seinen, Coming of Age, Tragedy, Foreign",
107445,Love’s in Sight!,JP,2018,75.0,9355,0.5599571496517887,0.1340176539040849,0.220399174478842,"Disability, Rehabilitation, Male Protagonist, Shounen, Delinquents",
39982,Usogui,JP,2006,86.0,31283,0.5599565477037385,0.3671259163698944,0.4886382209899928,"Gambling, Death Game, Primarily Adult Cast, Male Protagonist, Seinen",
100704,Life Lessons with Uramichi Oniisan,JP,2017,77.0,8394,0.5595983138884164,0.10714502577457152,0.17369942386484227,"Satire, Primarily Male Cast, Primarily Adult Cast, Work, Acting",
106130,Blue Lock,JP,2018,82.0,118457,0.5583474847484159,0.26902473567141566,0.4851761753009737,"Football, Male Protagonist, Battle Royale, Athletics, Primarily Male Cast",
98397,Blood on the Tracks,JP,2017,80.0,62967,0.5579806606909294,0.44033262719986765,0.40956701692666103,"Tragedy, Seinen, Family Life, Denpa, Coming of Age",
85898,Tanaka-kun is Always Listless,JP,2013,79.0,11240,0.5579761012655944,0.06376837643887928,0.19992824351249083,"School, Iyashikei, 4-koma, Episodic, Shounen",
102732,Dungeon Builder: The Demon King’s Labyrinth is a Modern City!,JP,2018,65.0,9276,0.5579608136203502,0.2981030232129017,0.3864632943063361,"Magic, Dungeon, Male Protagonist, Isekai, Demons",
154376,"""Okaeri, Papa""",JP,2022,63.0,7440,0.5579178137018267,0.27971865264708634,0.2644190396078814,"Yandere, Seinen, Heterosexual, Age Gap, Family Life",
65243,Haikyu!!,JP,2012,89.0,99640,0.5578857935255419,0.20220224138374546,0.3420582916989279,"Volleyball, Shounen, Male Protagonist, Coming of Age, School Club",
30014,Rave Master,JP,1999,75.0,11295,0.5574000610848788,0.33913712767392146,0.5333215386401063,"Shounen, Male Protagonist, Time Manipulation, Female Protagonist, Travel",
104045,I Want to Love You Till Your Dying Day,JP,2018,83.0,13557,0.5573182948912111,0.2643326858404418,0.29124324122182305,"Tragedy, Magic, Yuri, Primarily Female Cast, Female Protagonist",
118424,The Archmage Returns After 4000 Years,KR,2020,76.0,36688,0.5573149472569483,0.3804059419026268,0.5357525045153976,"Magic, Full Color, Reincarnation, Gods, Revenge",
30028,Nana,JP,2000,88.0,56011,0.5572259530546229,0.27999068005835265,0.2343194773598537,"Female Protagonist, Primarily Adult Cast, Shoujo, Band, Pregnancy",
125377,The Max Level Returner,KR,2020,64.0,12269,0.5572223202622596,0.3221194079301456,0.5630361119467756,"Demons, Full Color, Video Games, Virtual World, Male Protagonist",
85849,ReLIFE,JP,2013,85.0,53888,0.5571061940774545,0.35053242490780123,0.3387023721857609,"Age Regression, Memory Manipulation, Shapeshifting, School, Full Color",
30651,Nausicaä of the Valley of the Wind,JP,1982,85.0,20525,0.5567906144201524,0.4451676507658584,0.4915730078890098,"Environmental, Post-Apocalyptic, Lost Civilization, War, Philosophy",
51525,Yona of the Dawn,JP,2009,87.0,52568,0.5564685071944323,0.42804351650189343,0.466774538171554,"Female Protagonist, Found Family, Travel, Shoujo, Historical",
69959,Toumei Ningen no Hone,JP,2017,75.0,6140,0.5563531517720298,0.21090123209679337,0.3476996866271617,"Primarily Female Cast, Crime, Coming of Age, Female Protagonist, Tragedy",
133070,The Game That I Came From,CN,2021,71.0,7434,0.5562634400641456,0.2335751022362145,0.44760489268705494,"Virtual World, Male Protagonist, Full Color, Video Games, Time Manipulation",
99465,In Another World With My Smartphone,JP,2016,66.0,6977,0.5560746983961291,0.2626575845874991,0.4098269195415256,"Heterosexual, Magic, Male Protagonist, Kingdom Management, Politics",
85939,Plunderer,JP,2014,70.0,11856,0.5553869375406827,0.21946882940462964,0.5057265198257113,"Post-Apocalyptic, Shounen, Tragedy, Magic, Time Manipulation",
101172,Love is an Illusion!,KR,2018,70.0,9559,0.555348213752021,0.20025222190728648,0.20291741795272392,"Omegaverse, Boys' Love, Rape, Bisexual, Primarily Male Cast",
108440,Vampeerz,JP,2019,73.0,8343,0.5553345165102843,0.15525082728929013,0.2375589920340364,"Age Gap, Yuri, Vampire, Female Protagonist, Primarily Child Cast",
124895,Ron Kamonohashi: Deranged Detective,JP,2020,74.0,10848,0.5552647665196393,0.16850891967056464,0.3488000118095449,"Detective, Police, Amnesia, Crime, Conspiracy",
101437,Battle in 5 Seconds,JP,2015,70.0,8903,0.5551604581584157,0.23508178655285586,0.5295887281208104,"Death Game, Battle Royale, Super Power, Ensemble Cast, Male Protagonist",
129210,Roxana,KR,2021,80.0,19716,0.5550954912058111,0.39444193809602646,0.3812051844620985,"Villainess, Full Color, Revenge, Reincarnation, Sadism",
99462,Isekai Meikyuu de Harem wo,JP,2017,67.0,17180,0.5548255540467857,0.3690438336947426,0.4339961902279962,"Nudity, Isekai, Dungeon, Seinen, Slavery",
125116,Wistoria: Wand and Sword,JP,2020,78.0,16267,0.5546085722263354,0.3811344432607505,0.6273759041915774,"Male Protagonist, Swordplay, Magic, Dungeon, School",
147102,+99 Reinforced Wooden Stick,KR,2022,69.0,10931,0.5544320999693063,0.19109392172158812,0.4070921091914544,"Video Games, Virtual World, Parody, Satire, Male Protagonist",
85316,Dead Dead Demon's Dededede Destruction,JP,2014,81.0,40274,0.5541606951348348,0.296028879620329,0.3213044847569202,"Seinen, Aliens, Female Protagonist, Alternate Universe, Politics",
85402,Fragtime,JP,2013,67.0,6070,0.5540164792302293,0.09758145766389568,0.1930260548767282,"Yuri, Time Manipulation, School, Rehabilitation, LGBTQ+ Themes",
103255,Fairy Tail: 100 Years Quest,JP,2018,73.0,19088,0.5535761363994806,0.3073340715193832,0.49303983153492553,"Shounen, Ensemble Cast, Dragons, Magic, Female Protagonist",
85442,The Rising of the Shield Hero,JP,2014,72.0,34856,0.5534953313476371,0.3773701804244195,0.5149826500812102,"Isekai, Bullying, Anti-Hero, Kemonomimi, Demons",
86720,Helck,JP,2014,80.0,18158,0.5533685098654327,0.4077663628533214,0.6149749477926477,"Demons, Tragedy, Cosmic Horror, Shounen, War",
87466,Arte,JP,2013,76.0,6940,0.5529203303578616,0.27431736339735224,0.22738601676231668,"Historical, Female Protagonist, Foreign, Seinen, Drawing",
99775,The Wrong Way to Use Healing Magic,JP,2017,72.0,16760,0.5525596229491259,0.25356781675034473,0.5050064056731848,"Magic, Isekai, Shounen, Female Harem, Demons",
96131,Doku Mushi,JP,2013,50.0,6098,0.5525555487815429,0.38837889333638714,0.36466755531163403,"Death Game, Seinen, Rape, Crime, Gore",
30936,Homunculus,JP,2003,83.0,69397,0.5524827494827106,0.47137215353245676,0.4888046300037487,"Philosophy, Seinen, Psychosexual, Male Protagonist, Tragedy",
153987,Existence,KR,2022,73.0,15382,0.5524179694323497,0.277992974633397,0.43669918136691144,"Environmental, Tragedy, Reincarnation, Male Protagonist, Full Color",
92494,Kichikujima,JP,2013,53.0,6130,0.5518348612398667,0.4063730977592089,0.4966005758942865,"Gore, Tragedy, Body Horror, Seinen, Gods",
106688,Shachiku Succubus no Hanashi,JP,2018,69.0,14016,0.5514693688338741,0.14814719102691412,0.28739448619757724,"Work, Succubus, Monster Girl, Demons, Tsundere",
85976,Overlord,JP,2012,84.0,17405,0.5513234851765119,0.43715263098001933,0.5399125032869538,"Anti-Hero, Skeleton, Magic, Isekai, Demons",
34632,Goodnight Punpun,JP,2007,88.0,179878,0.551308365565189,0.4386741845236912,0.41586000927057765,"Coming of Age, Seinen, Tragedy, Philosophy, Denpa",
33285,Holyland,JP,2000,82.0,31261,0.5507753111675581,0.2921712413165808,0.3878120680770605,"Martial Arts, Gangs, Delinquents, Philosophy, Boxing",
33486,Shiki,JP,2007,76.0,6554,0.5503373009592957,0.18593957799915967,0.3544325865642516,"Philosophy, Ensemble Cast, Vampire, Tragedy, Rural",
118647,Kuchi ga Saketemo Kimi ni wa,JP,2018,72.0,7729,0.5501715871692634,0.16984004011542214,0.24621798027089767,"Monster Girl, Age Gap, Heterosexual, Time Skip, Teacher",
85388,High-Rise Invasion,JP,2013,68.0,23888,0.549984862692362,0.28306002924061946,0.45531405686734217,"Alternate Universe, Death Game, Survival, Suicide, Amnesia",
139741,I’m Really Not the Devil’s Lackey,CN,2021,77.0,9779,0.5495568261739984,0.42665290039172415,0.4820272238791392,"Urban Fantasy, Magic, Cosmic Horror, Philosophy, Classic Literature",
122060,See You in My 19th Life,KR,2020,81.0,16709,0.5494786009145879,0.17328199631160807,0.2414361266343309,"Primarily Adult Cast, Reincarnation, Female Protagonist, Heterosexual, Office Lady",
128642,The Dangerous Convenience Store,KR,2020,80.0,7775,0.549188588115227,0.09371304304820491,0.12970014753185055,"Boys' Love, DILF, Full Color, Gangs, Age Gap",
101175,Interspecies Reviewers,JP,2016,71.0,8201,0.5487571237367359,0.3312520376211567,0.3211619688309588,"Male Protagonist, Monster Girl, Nudity, Prostitution, Primarily Adult Cast",
123089,The Inferior Magic Swordsman,JP,2020,62.0,10548,0.5483068558142032,0.31086113896575723,0.563261509232346,"Isekai, Reincarnation, Swordplay, Male Protagonist, Magic",
123544,The Reincarnation of the Strongest Exorcist In Another World,JP,2020,64.0,5977,0.5479350517309829,0.2404807745823919,0.473723718688984,"Isekai, Magic, Reincarnation, Youkai, Male Protagonist",
177096,The Mortifying Ordeal of Being Seen,JP,2024,75.0,12193,0.5477586406389691,0.07053520952085217,0.20799558058965006,"Heterosexual, Primarily Teen Cast, Tsundere, Gender Bending, School",
43748,Defense Devil,JP,2009,70.0,6379,0.5476094302761991,0.18775201522427407,0.4249695978455359,"Demons, Shounen, Afterlife, Male Protagonist, Guns",
100868,Dead Mount Death Play,JP,2017,73.0,10603,0.5474101538526632,0.2606463767858554,0.3928037508729483,"Urban Fantasy, Magic, Assassins, Police, Reincarnation",
108069,Hino-san no Baka,JP,2017,73.0,7791,0.547347808501652,0.0,0.0438139762991728,"Yuri, Female Protagonist, Primarily Female Cast, School, Tsundere",
85135,A Silent Voice,JP,2013,87.0,88550,0.547029982751979,0.2396052863069406,0.2808241125001879,"Rehabilitation, Language Barrier, Bullying, Coming of Age, Disability",
121753,"As a Reincarnated Aristocrat, I’ll Use My Appraisal Skill to Rise in the World",JP,2020,66.0,11369,0.5469862118805555,0.3062730512568651,0.4701897517153507,"Isekai, Magic, Politics, Shounen, Male Protagonist",
131140,"There Was a Cute Girl in the Hero's Party, So I Tried Confessing to Her",JP,2021,66.0,6928,0.5469474802038011,0.27817576224692697,0.36827421916538483,"Reincarnation, Demons, Male Protagonist, Heterosexual, Medieval",
87442,Astra Lost in Space,JP,2016,78.0,10069,0.5467845376892226,0.31516042726505106,0.5151975444845439,"Space, Conspiracy, Survival, Found Family, Ensemble Cast",
101746,Black Summoner,JP,2018,69.0,13906,0.546551296071465,0.3765687250276408,0.5391042400926911,"Female Harem, Male Protagonist, Isekai, Magic, Elf",
31709,Tegami Bachi,JP,2006,75.0,7338,0.5465287848454798,0.24954090441007315,0.45977796888396705,"Shounen, Guns, Male Protagonist, Dystopian, Memory Manipulation",
85151,UQ HOLDER!,JP,2013,71.0,13371,0.5465039565197798,0.25630793833412013,0.5808927087107509,"Magic, Shounen, Martial Arts, Male Protagonist, Time Manipulation",
139415,Kichiku Eiyuu,JP,2021,66.0,5912,0.546285734737654,0.35559537034817434,0.4276902101193394,"Nudity, Rape, Isekai, Primarily Adult Cast, Male Protagonist",
86338,How NOT to Summon a Demon Lord,JP,2015,66.0,13216,0.5461570796721598,0.20292530459987293,0.37557071144557036,"Female Harem, Shounen, Isekai, Demons, Magic",
122364,Inu ni Nattara Suki na Hito ni Hirowareta.,JP,2020,55.0,7638,0.5454616568767181,0.09998269560489433,0.2738993527595228,"Nudity, POV, Heterosexual, Female Harem, Zoophilia",
44568,Clover,JP,2007,80.0,5923,0.5453480393376006,0.09008940153236311,0.28065125056205226,"Delinquents, Crime, Gangs, Motorcycles, Shounen",
87408,Ne Ne Ne,JP,2016,71.0,6446,0.5449025993917729,0.07115516197927663,0.2414335691359833,"Age Gap, Heterosexual, Marriage, Youkai, Historical",
86569,Ace of the Diamond Act II,JP,2015,86.0,7508,0.5448864753282341,0.061507973307052224,0.21687110302277163,"Baseball, Shounen, Male Protagonist, Primarily Male Cast, School",
30705,Lunar Legend Tsukihime,JP,2003,79.0,14540,0.544762624331231,0.3265904539523024,0.4163363605364401,"Urban Fantasy, Seinen, Vampire, Reincarnation, Male Protagonist",
171729,Love Bullet,JP,2023,84.0,17061,0.5445194743826381,0.20467726009247103,0.3443791544249386,"Matchmaking, Angels, Primarily Female Cast, Female Protagonist, Afterlife",
98148,Black Torch,JP,2016,69.0,15677,0.5443971064576499,0.20309841201455478,0.5198817614726031,"Youkai, Demons, Male Protagonist, Shounen, Martial Arts",
37375,The Climber,JP,2007,87.0,67922,0.54439439850454,0.48820630593214326,0.4943689863266868,"Mountaineering, Coming of Age, Travel, Seinen, Outdoor Activities",
168823,The Reincarnated Assassin Is a Swordmaster,KR,2023,70.0,15043,0.5441463204385519,0.34132667282792045,0.541644674778324,"Swordplay, Male Protagonist, Reincarnation, Martial Arts, Full Color",
110909,Shy,JP,2019,71.0,14094,0.5440642536995008,0.20628698015148372,0.3706740171288726,"Superhero, Henshin, Super Power, Female Protagonist, Shounen",
87015,Imperfect Girl,JP,2015,74.0,9168,0.5436452240985113,0.2776200539667493,0.31573461870913566,"Seinen, Writing, Tragedy, Male Protagonist, Orphan",
115790,Adabana,JP,2020,75.0,13936,0.5435376254536777,0.3339654758521488,0.2727200566672161,"Crime, Suicide, Female Protagonist, Tragedy, Seinen",
32924,Historie,JP,2003,81.0,10549,0.5435203826033161,0.4906124347365664,0.45099735076650754,"Historical, Seinen, Male Protagonist, Politics, Foreign",
129574,1-nichi Go ni Shinu Gorilla,JP,2021,83.0,12671,0.5432576958283437,0.21001552159925846,0.2855787419474112,"Time Skip, Tragedy, Meta, Animals, Philosophy",
30070,Ubel Blatt,JP,2004,70.0,15992,0.5432546677316212,0.5762657894728322,0.6191923769628717,"Revenge, Seinen, Elf, Military, Male Protagonist",
74155,Kimi wa Midara na Boku no Joou,JP,2012,65.0,20750,0.5432188725777197,0.22978513260880468,0.2542131862923869,"Nudity, Masturbation, Fellatio, Seinen, Heterosexual",
30554,Tokyo Mew Mew,JP,2000,68.0,5958,0.5431017460483982,0.11311480419387315,0.19550143668004866,"Shoujo, Urban Fantasy, Superhero, Super Power, Henshin",
103736,Tou no Kanri wo Shite Miyou,JP,2018,71.0,6835,0.5429322035723755,0.2850155100653623,0.4567358606416689,"Female Harem, Shounen, Male Protagonist, Elf, Succubus",
145664,I Failed to Oust the Villain!,KR,2022,71.0,6889,0.5423406219250917,0.313256481381733,0.31969438964075975,"Yandere, Heterosexual, Magic, Primarily Adult Cast, Female Protagonist",
31605,Altair: A Record of Battles,JP,2007,76.0,5985,0.542320094242484,0.33885912212292524,0.4529771442513395,"War, Historical, Foreign, Politics, Military",
118741,Vermeil in Gold: The Failing Student and the Strongest Scourge Plunge Into the World of Magic,JP,2018,68.0,7449,0.5420411885330585,0.2858509035907307,0.4454586834171953,"Female Protagonist, Male Protagonist, Magic, Age Gap, Nudity",
116809,Happy Harem Making with the Mightiest Orc!,JP,2019,63.0,8655,0.5414195861879533,0.3121101569614205,0.5123847737117253,"Female Harem, Elf, Male Protagonist, Isekai, Nudity",
31414,SKET DANCE,JP,2007,82.0,9937,0.5407822980746607,0.2000420420048028,0.29717038195018125,"School Club, School, Shounen, Coming of Age, Twins",
106454,Sensei wa Koi wo Oshierarenai,JP,2018,75.0,19056,0.5404300279719105,0.06638191209239618,0.18688073387092027,"Teacher, Age Gap, School, Heterosexual, Shounen",
137969,Ranker's Return,KR,2021,74.0,14152,0.539579760145127,0.33655914397793263,0.5714000912634866,"Video Games, Virtual World, Male Protagonist, Full Color, Swordplay",
85413,Yugami-kun ni wa Tomodachi ga Inai,JP,2012,80.0,14489,0.5395722839180337,0.10646539028437489,0.25217829338134046,"School, Coming of Age, Shounen, Female Protagonist, Male Protagonist",
123181,My Death Flags Show No Sign of Ending,JP,2020,73.0,8520,0.5393738818767218,0.33492761242749225,0.557114248324442,"Anti-Hero, Male Protagonist, Isekai, Conspiracy, Magic",
87260,World's End Harem,JP,2016,57.0,19350,0.5393736064187422,0.2621568817281405,0.29081567211189274,"Female Harem, Large Breasts, Nudity, Pandemic, Politics",
67755,Saiki Kusuo no Ψ-nan,JP,2012,82.0,16150,0.5392325592732863,0.09350807930363461,0.3176675068446909,"Super Power, School, Shounen, Male Protagonist, Aromantic",
38157,Kamisama Kiss,JP,2008,84.0,23295,0.5391585375019765,0.1947124822722401,0.27534188646828534,"Shoujo, Female Protagonist, Kemonomimi, Youkai, Demons",
97240,Ore no Ie ga Maryoku Spot Datta Ken: Sundeiru dake de Sekai Saikyou,JP,2016,61.0,8022,0.539004601628677,0.30475365399013477,0.38225511590649475,"Magic, Primarily Female Cast, Male Protagonist, Isekai, Dragons",
45805,Dusk Maiden of Amnesia,JP,2008,79.0,14697,0.5388689389692954,0.1956755961653962,0.3603533151265794,"Ghost, School, Denpa, Male Protagonist, Dissociative Identities",
30105,Kekkaishi,JP,2004,77.0,7353,0.5388614275104965,0.2554188890391135,0.5501618980246912,"Shounen, Youkai, Male Protagonist, Gods, School",
60079,The Sound of Magic: Annarasumanara,KR,2010,79.0,20924,0.5388202842000033,0.2652371135567207,0.3267167245324246,"Philosophy, Coming of Age, Magic, Female Protagonist, School",
159397,Becoming a Magic School Mage,KR,2022,69.0,9824,0.5387429653742478,0.34021095001827323,0.5586691156646525,"Magic, Male Protagonist, School, Swordplay, Full Color",
85952,The Legendary Hero Is Dead!,JP,2014,72.0,11036,0.5387058854631733,0.32687403157797,0.553001534145697,"Tragedy, Zombie, Tsundere, Necromancy, Male Protagonist",
77363,As the Gods Will: The Second Series,JP,2013,76.0,7103,0.5384044783101508,0.2632686778101198,0.47433654216861443,"Survival, Death Game, Gore, Battle Royale, Gods",
86511,Death March to the Parallel World Rhapsody,JP,2014,66.0,11619,0.5382847148211125,0.22581822892531928,0.40211848402499584,"Female Harem, Isekai, Shounen, Magic, Demons",
35255,Dengeki Daisy,JP,2007,77.0,18015,0.5379346686651042,0.11272927145877949,0.1680767658567339,"Shoujo, Software Development, Female Protagonist, School, Age Gap",
96834,Arifureta: From Commonplace to World’s Strongest,JP,2016,68.0,22113,0.5378832030477985,0.39702116470701304,0.5655700071522572,"Isekai, Dungeon, Magic, Male Protagonist, Body Horror",
54098,Another,JP,2010,71.0,16933,0.5378829391679982,0.2628310460959089,0.36961465898225754,"Seinen, Tragedy, School, Male Protagonist, Memory Manipulation",
145675,"From Old Country Bumpkin to Master Swordsman: My Hotshot Disciples Are All Grown Up Now, and They Won’t Leave Me Alone",JP,2021,71.0,8430,0.5374294758006434,0.3713194535514374,0.5096437583591921,"Male Protagonist, Teacher, Female Harem, Swordplay, Age Gap",
110530,I Can't Believe I Slept With You!,JP,2019,77.0,12916,0.5372398680613013,0.1508086983687676,0.12334485882722657,"Yuri, Female Protagonist, LGBTQ+ Themes, Primarily Female Cast, Primarily Adult Cast",
100758,Shiver: Junji Ito Selected Stories,JP,2015,79.0,10923,0.5372195078112856,0.3806298997228265,0.4070491029254253,"Gore, Body Horror, Anthology, Seinen, Philosophy",
85230,Magika Swordsman and Summoner,JP,2013,64.0,5883,0.5365943895500356,0.3484525013226669,0.45234143689368767,"Female Harem, Magic, School, Male Protagonist, Seinen",
113624,Yakuza Reincarnation,JP,2019,74.0,10635,0.5363354592865954,0.341505280674544,0.45871019398096297,"Reincarnation, Isekai, Super Power, Martial Arts, Gender Bending",
30436,Uzumaki: Spiral into Horror,JP,1998,79.0,85354,0.5362014595387314,0.43451482314948503,0.4341212748299275,"Tragedy, Body Horror, Cosmic Horror, Seinen, Survival",
130300,"Father, I Don't Want this Marriage",KR,2021,77.0,16932,0.5360759604244153,0.19283003890544959,0.24968332148364378,"Reincarnation, Isekai, Female Protagonist, Heterosexual, Primarily Adult Cast",
103655,My Status as an Assassin Obviously Exceeds the Hero’s,JP,2018,67.0,15538,0.5360695352750057,0.4144427779171641,0.6054154575023789,"Isekai, Male Protagonist, Anti-Hero, Magic, Swordplay",
30020,Hikaru no Go,JP,1998,79.0,12757,0.5359848560955728,0.20706162016109378,0.37201126033572957,"Go, Coming of Age, Ghost, Male Protagonist, Shounen",
169904,Tsumiki Ogami's Not-So-Ordinary Life,JP,2023,77.0,13327,0.5355180973123258,0.08127704938440009,0.27326447869192894,"Werewolf, School, Monster Girl, Heterosexual, Shounen",
85446,Soul Land,CN,2011,73.0,8704,0.5354946513468177,0.28687579765958326,0.5042284996190248,"Magic, Full Color, Male Protagonist, Martial Arts, Reincarnation",
96754,Taishou Otome Otogibanashi,JP,2015,80.0,11165,0.5352377444785796,0.20839027884980837,0.286432446842148,"Historical, Family Life, Marriage, Coming of Age, Shounen",
118267,God of Blackfield,KR,2020,71.0,16786,0.5351384834834698,0.27732504615956194,0.44795561202905215,"Reincarnation, Politics, Gangs, Male Protagonist, Military",
85155,The Gamer,KR,2013,67.0,21519,0.5348599897216636,0.3189583059498223,0.5643925682738158,"Video Games, Super Power, Full Color, Male Protagonist, Urban Fantasy",
79361,Dragons Rioting,JP,2012,66.0,7188,0.5343182171545203,0.08894911910688105,0.3442133122090244,"School, Shounen, Primarily Teen Cast, Martial Arts, Super Power",
128163,Killer in Love,JP,2020,60.0,12896,0.5339653074692496,0.27463479992037954,0.38441771102734656,"Tragedy, Yandere, Gore, Body Horror, Fake Relationship",
135083,WIND BREAKER,JP,2021,80.0,20434,0.5335794758721204,0.22812724954286268,0.41820871577201035,"Delinquents, Male Protagonist, Primarily Male Cast, Found Family, Shounen",
76258,Flying Witch,JP,2012,79.0,10030,0.5335108534730703,0.10031446283277189,0.1693777055049739,"Iyashikei, Magic, Witch, Urban Fantasy, Rural",
30229,Dragon Head,JP,1994,69.0,9785,0.5332795700173126,0.3776530823150583,0.45518543371007497,"Survival, Tragedy, Seinen, Post-Apocalyptic, Trains",
133795,Trapped,KR,2019,80.0,8358,0.5331662058563735,0.2737055447771794,0.3503229454079671,"Vampire, Revenge, Anti-Hero, Female Protagonist, Tragedy",
129506,"Ouritsu Mahou Gakuen no Saikasei: Hikongai Agari no Saikyou Mahoushi, Kizoku Darake no Gakuen de Musou Suru",JP,2021,63.0,9200,0.5331353385329102,0.326145819624362,0.41828451843572423,"Magic, Assassins, Male Protagonist, Seinen, School",
125854,Tawawa on Monday,JP,2020,66.0,7356,0.5330835422079562,0.15614695541409393,0.16191380793294813,"Large Breasts, Female Protagonist, Ensemble Cast, Office Lady, Heterosexual",
157890,Netoge no Yome ga Ninki Idol Datta: Cool kei no Kanojo wa Genjitsu demo Yome no Tsumori de Iru,JP,2022,62.0,6179,0.5330697613232408,0.06977270913516903,0.1419047096752297,"Idol, Kuudere, Heterosexual, Male Protagonist, Video Games",
53571,Sunny,JP,2010,82.0,13836,0.5327915649972736,0.2993823800227587,0.2509943487348746,"Family Life, Ensemble Cast, Primarily Child Cast, Seinen, Estranged Family",
87382,Murenase! Seton Gakuen,JP,2016,68.0,5860,0.5327351562909179,0.007484090894237426,0.13174916779216791,"School, Shounen, Female Protagonist, Anthropomorphism, Animals",
98048,Neko no Otera no Chion-san,JP,2016,75.0,8121,0.5326638410584341,0.18199118062477915,0.17847005113565256,"Rural, Iyashikei, Age Gap, Seinen, Male Protagonist",
109608,Dark Gathering,JP,2019,78.0,7564,0.5326100364964711,0.2793384638131961,0.45041016056210004,"Ghost, Shounen, Revenge, Necromancy, Exorcism",
71629,Hyouka,JP,2012,78.0,7719,0.5323904330541408,0.044476630268949734,0.2314116108812261,"School, Shounen, Classic Literature, Male Protagonist, Detective",
100664,"Don't Toy With Me, Miss Nagatoro",JP,2017,74.0,74302,0.5323750399004479,0.09761185617292875,0.22243669013474632,"Bullying, Heterosexual, Female Protagonist, Tsundere, Male Protagonist",
141705,Reality Quest,KR,2021,74.0,16296,0.5322266118389549,0.11076802047563941,0.3750780095038613,"Bullying, Delinquents, Male Protagonist, Gangs, Martial Arts",
47915,Judge,JP,2010,64.0,9859,0.5321605135910641,0.2886447458008182,0.3970770640803543,"Battle Royale, Shounen, Death Game, Crime, Male Protagonist",
86848,Lookism,KR,2014,78.0,43456,0.5320197921271035,0.22341404495708062,0.38210780885478957,"Body Swapping, Gangs, Delinquents, Full Color, Martial Arts",
136899,Daemons of the Shadow Realm,JP,2021,74.0,13506,0.5319005273324405,0.19436466513282846,0.5439535227663581,"Anachronism, Shounen, Twins, Youkai, Urban Fantasy",
133575,Solitary Lady,KR,2021,71.0,12171,0.5316525036974344,0.26064000394198616,0.33671175408738374,"Magic, Reincarnation, Female Protagonist, Full Color, Revenge",
97764,Starving Anonymous,JP,2014,69.0,12060,0.5309612991255835,0.3087946110352447,0.3273515801504831,"Aliens, Food, Survival, Seinen, Gore",
59983,Noblesse,KR,2007,76.0,34004,0.5308031582814949,0.22217499857302006,0.48485162785484415,"Super Power, Vampire, Full Color, Foreign, Male Protagonist",
38967,Onani Master Kurosawa,JP,2007,82.0,47632,0.5305582600585498,0.3727946616155824,0.3429328873921992,"Coming of Age, Masturbation, Bullying, Male Protagonist, School",
126445,Demon Slayer: Kimetsu no Yaiba - Stories of Water and Flame,JP,2020,75.0,7586,0.5305484007787312,0.27672543079117995,0.5854893748098452,"Swordplay, Demons, Historical, Shounen, Female Protagonist",
141007,How to Use a Returner,KR,2021,75.0,22721,0.5304421056347881,0.33153128823960654,0.5011323053282987,"Full Color, Male Protagonist, Anti-Hero, Dungeon, Yandere",
86797,"Can You Just Die, My Darling?",JP,2015,62.0,12527,0.5302763638045572,0.2822497282090466,0.3503546674003534,"Pandemic, Super Power, Male Protagonist, Gore, Urban",
111025,Mookhyang: Dark Lady,KR,2019,74.0,7139,0.5301713047401816,0.34171483401332614,0.5500793410754595,"Full Color, Female Protagonist, War, Cultivation, Magic",
108924,Boku no Kanojo Sensei,JP,2019,58.0,6659,0.5300778896406938,0.19123026307212204,0.20680337483320582,"Teacher, School, Female Harem, Heterosexual, Male Protagonist",
159385,I Was the Final Boss,KR,2022,70.0,12294,0.5299169035726878,0.26312457365807,0.533538799690282,"Reincarnation, Demons, Male Protagonist, Full Color, Urban Fantasy",
85401,PTSD Radio,JP,2010,68.0,9782,0.5298111519899075,0.31913089844265174,0.24360088609675873,"Achronological Order, Gods, Episodic, Body Horror, Seinen",
31702,Jisatsu Circle,JP,2002,59.0,7293,0.529770353369542,0.331220155819419,0.2980140984947539,"Suicide, Denpa, School, Cult, Tragedy",
33537,Flunk Punk Rumble,JP,2006,73.0,8401,0.5293476938540721,0.09609458354711023,0.3343881793232308,"School, Shounen, Delinquents, Primarily Teen Cast, Male Protagonist",
113636,Toshiue Elite Onna Kishi ga Boku no Mae de dake Kawaii,JP,2019,65.0,7079,0.5292446722331052,0.2392593530430554,0.28557736677579676,"Age Gap, Nudity, Seinen, MILF, Male Protagonist",
97337,your name.,JP,2016,80.0,19651,0.5291624883499675,0.25348923216154073,0.35426292630207806,"Body Swapping, Time Manipulation, Urban Fantasy, School, Gender Bending",
59211,Monthly Girls' Nozaki-kun,JP,2011,82.0,25543,0.5290935712944724,0.06921629166353534,0.1430979054751888,"Drawing, Parody, 4-koma, Ensemble Cast, Work",
108801,"I Lost My Adventurer's License, but It's Fine Because I Have an Adorable Daughter Now",JP,2018,69.0,6532,0.5288780462386107,0.3384780980080427,0.554095510436403,"Male Protagonist, Shounen, Adoption, Family Life, Found Family",
129918,Mystic Musketeer,KR,2021,70.0,12571,0.5286639603057731,0.287339633702153,0.5279401859401806,"Video Games, Male Protagonist, Virtual World, Magic, Full Color",MOD_POS
30868,Karakuri Circus,JP,1997,82.0,5980,0.5286559066335622,0.15384064754020188,0.36998411184196195,"Conspiracy, Circus, Puppetry, Ensemble Cast, Urban Fantasy",
86452,Petals of Reincarnation,JP,2014,69.0,8552,0.5286404166302504,0.18058784500987432,0.44969437978661925,"Shounen, Reincarnation, Super Power, Historical, Heterosexual",
119174,The Boxer,KR,2019,83.0,41911,0.5284959824497663,0.2882565910640115,0.4483888764397147,"Boxing, Philosophy, Martial Arts, Athletics, Male Protagonist",
86785,Terror Man,KR,2016,73.0,9135,0.5282539293215167,0.32996240632201784,0.4760239800257884,"Terrorism, Anti-Hero, Urban, Super Power, Full Color",
101754,I Belong to the Baddest Girl at School,JP,2017,70.0,16323,0.5280487296909172,0.1626244995904842,0.16966711495153697,"Heterosexual, Delinquents, Kuudere, Tomboy, School",
121971,Crazy Food Truck,JP,2020,66.0,6401,0.5275455005530238,0.3788050611999108,0.4797982574621331,"Food, Travel, Male Protagonist, Military, Fugitive",
85312,Attack on Titan: Before the Fall,JP,2013,71.0,11004,0.5274331060994653,0.3695879886762953,0.5378625999004193,"Military, Dystopian, Kaiju, Politics, Medieval",
41425,Baki the Grappler,JP,1991,77.0,13532,0.5273980030743346,0.27807514788508136,0.48084624106304075,"Martial Arts, Male Protagonist, Revenge, Primarily Male Cast, Gore",
111149,Mission: Yozakura Family,JP,2019,76.0,23551,0.5266931418190564,0.19766890805177045,0.42660296143086096,"Espionage, Shounen, Conspiracy, Heterosexual, Family Life",
35744,Ping Pong,JP,1996,84.0,12247,0.5265588043755365,0.3303662673897558,0.33512888065000235,"Table Tennis, Coming of Age, Seinen, Male Protagonist, Philosophy",
71733,Gate: Where the JSDF Fought,JP,2011,75.0,9919,0.5264067994123179,0.45035034787680067,0.4191256387906652,"Military, Urban Fantasy, Politics, Primarily Adult Cast, War",
104596,Devil Number 4,KR,2018,77.0,7772,0.5262348713644758,0.25030237383155496,0.39583742110044867,"Demons, Mythology, Gods, Female Protagonist, Fugitive",
128896,WITCH WATCH,JP,2021,71.0,16966,0.5260369760186117,0.25728005152024225,0.36090690440840634,"Magic, Witch, Episodic, Urban Fantasy, Female Protagonist",
144374,The Shiunji Family Children,JP,2022,62.0,8630,0.52577691259305,0.22850380040934354,0.2243346949436076,"Inseki, Male Protagonist, Primarily Female Cast, Seinen, Female Harem",
30912,Tomie,JP,1987,76.0,41044,0.5257334604494192,0.2984087239634694,0.3611349594783486,"Body Horror, Monster Girl, Gore, Tragedy, Female Protagonist",
30745,Pluto,JP,2003,85.0,51627,0.5256713461584743,0.360825328360338,0.3971343426081235,"Seinen, Robots, Artificial Intelligence, Detective, Police",
124853,Kindan Shitei de Breakthrough: Boy Meets Satan,JP,2020,74.0,5934,0.5256192137611678,0.3047502864689228,0.5644408426505066,"Demons, Magic, Male Protagonist, Shounen, Ninja",
30007,Hajime no Ippo: Fighting Spirit!,JP,1989,87.0,34326,0.5254858237256823,0.24672901370192707,0.4225606926574349,"Boxing, Shounen, Male Protagonist, Primarily Adult Cast, Primarily Male Cast",
44582,Gamaran,JP,2009,73.0,7445,0.5253994070712802,0.1414857954158791,0.44811929914201826,"Swordplay, Shounen, Historical, Martial Arts, Primarily Male Cast",
69325,Erased,JP,2012,80.0,28730,0.5251574617647097,0.3229486757162783,0.3720027042662615,"Crime, Primarily Child Cast, Age Regression, Male Protagonist, Time Manipulation",
112253,No Longer Allowed In Another World,JP,2019,75.0,9434,0.5249133285628105,0.2531416434991128,0.35085778303543047,"Isekai, Suicide, Male Protagonist, Seinen, Parody",
82435,Fragments of Horror,JP,2013,73.0,9995,0.5246622695762455,0.2751712514511018,0.36390907640372183,"Tragedy, Anthology, Gore, Body Horror, Ghost",
101679,A Gatherer's Adventure in Isekai,JP,2017,64.0,6632,0.5246257707165075,0.23435301245724,0.3732890552011491,"Isekai, Shounen, Monster Boy, Elf, Male Protagonist",
116382,The Villainess Turns the Hourglass,KR,2020,78.0,21602,0.5246076747037596,0.3361922586102249,0.3663983931031345,"Revenge, Female Protagonist, Villainess, Time Manipulation, Super Power",
86481,Tsuredure Children,JP,2012,80.0,20612,0.5245528362660139,0.054472538294011955,0.15693261017586535,"4-koma, School, Ensemble Cast, Shounen, Heterosexual",
108152,Release that Witch,CN,2017,72.0,12995,0.5243989002630152,0.3988669739252001,0.47021869054762305,"Witch, Kingdom Management, Magic, Male Protagonist, Politics",
162199,Starting Over as a Tree,CN,2022,72.0,5908,0.5241345118139644,0.3189604933899369,0.43723409151638865,"Animals, Anti-Hero, Environmental, Found Family, Magic",
97371,I'm Standing on a Million Lives,JP,2016,66.0,6896,0.524094399241213,0.39271886225113983,0.5934322675435307,"Isekai, Tragedy, Gods, Magic, Shounen",
33992,Remina,JP,2004,69.0,15294,0.523724979470306,0.32644419756936605,0.26849166001663927,"Female Protagonist, Cosmic Horror, Tragedy, Space, Cult",
173020,I Killed the Main Player,KR,2023,75.0,19766,0.5236515996129978,0.21711469725402083,0.43490277181022835,"Full Color, Male Protagonist, Magic, Yandere, Isekai",
140482,Magilumiere Magical Girls Inc.,JP,2021,74.0,8020,0.5233605449738884,0.19965101970900412,0.3755649054281431,"Work, Urban Fantasy, Primarily Adult Cast, Magic, Female Protagonist",
175262,The Reborn Young Lord is an Assassin,KR,2024,73.0,21490,0.5231569630549926,0.3822893616741459,0.5528912299523718,"Assassins, Revenge, Male Protagonist, Age Regression, Magic",
106233,Now I'm a Demon Lord! Happily Ever After with Monster Girls in My Dungeon,JP,2018,73.0,13972,0.5230885848544736,0.2583024700119406,0.42189644818654926,"Male Protagonist, Dungeon, Isekai, Monster Girl, Dragons",
34423,Ōoku: The Inner Chambers,JP,2004,81.0,6529,0.5229429973657157,0.27454689232138896,0.2695953043787791,"Tragedy, Matriarchy, Historical, Pandemic, Heterosexual",
123747,Survival in Another World with My Mistress!,JP,2020,66.0,8962,0.5224136739333168,0.2814132613622261,0.38417442244145983,"Elf, Isekai, Video Games, Nudity, Female Harem",
119276,The Advanced Player of the Tutorial Tower,KR,2020,68.0,24412,0.5224026021003133,0.30013420657457335,0.5644503552113209,"Urban Fantasy, Video Games, Full Color, Male Protagonist, Dungeon",
41514,A Bride's Story,JP,2008,85.0,29355,0.5222362045327763,0.269840900859129,0.21853220287791264,"Ensemble Cast, Marriage, Historical, Female Protagonist, Heterosexual",
44710,Ane Doki!,JP,2009,68.0,6560,0.5219542767422742,0.041363306187779336,0.15399858858019452,"School, Shounen, Age Gap, Heterosexual, Love Triangle",
30904,Lone Wolf and Cub,JP,1970,85.0,18077,0.5216269155626957,0.399184517417976,0.5172415808361802,"Revenge, Samurai, Historical, Swordplay, Assassins",
109064,Crow Hill: Don’t Be Shy!!,JP,2018,77.0,6441,0.5216075751961201,0.09531038008735128,0.17188561734948113,"Boys' Love, Primarily Adult Cast, Primarily Male Cast, Male Protagonist, Gangs",
100827,Kawaikereba Hentai demo Suki ni Natte Kuremasu ka?,JP,2017,63.0,6388,0.5215485280684858,0.08555122754592417,0.21326234766544383,"Female Harem, School, School Club, Primarily Female Cast, Male Protagonist",
98201,World Teacher: Isekaishiki Kyouiku Agent,JP,2016,63.0,6550,0.5214114981932015,0.2390795353247779,0.43636645253858675,"Male Protagonist, Isekai, Reincarnation, Female Harem, Kemonomimi",
104487,Asadora!,JP,2018,76.0,10319,0.5210023878414822,0.3522579313014194,0.4568963382446887,"Kaiju, War, Time Skip, Aviation, Historical",
130116,Under The Greenlight,KR,2021,79.0,7199,0.5209392469992064,0.1660893755157905,0.2246725580951569,"Full Color, Boys' Love, Primarily Adult Cast, Mafia, Primarily Male Cast",
30320,Gakuen Alice,JP,2002,81.0,9367,0.5207273723632515,0.2034076503554316,0.33777320150431095,"Female Protagonist, Tragedy, Magic, Primarily Child Cast, Shoujo",
51498,Umineko When They Cry Episode 5: End of the Golden Witch,JP,2010,84.0,7729,0.5206000349889401,0.32077271263491275,0.3728416650577785,"Magic, Detective, Witch, Meta, Ensemble Cast",
105263,Dai Dark,JP,2019,77.0,26383,0.5204346555440496,0.30553026347025913,0.38763801348064864,"Space, Gore, Surreal Comedy, Body Horror, Aliens",
122362,Apocalypse Bringer Mynoghra,JP,2020,72.0,11847,0.5203861311681621,0.4033184494091404,0.5239357209024047,"Isekai, Reincarnation, Male Protagonist, Anti-Hero, Elf",
108115,Beast Tamer,JP,2019,67.0,8008,0.5202260248967917,0.21886317952598738,0.4514608431976813,"Magic, Nekomimi, Female Harem, Male Protagonist, Animals",
155471,I Love Amy,KR,2022,81.0,9918,0.5201227271517739,0.17601428348439077,0.19075564564823183,"LGBTQ+ Themes, Yuri, Female Protagonist, Full Color, Yandere",
87459,My Lesbian Experience With Loneliness,JP,2016,80.0,36018,0.5198975348706422,0.2962875162280505,0.22714657173466596,"Autobiographical, Coming of Age, Non-fiction, Female Protagonist, Family Life",
113488,Weak Hero,KR,2018,78.0,20930,0.5198575246939517,0.21919033182345074,0.39459776029871096,"School, Bullying, Delinquents, Male Protagonist, Gangs",
30104,Yotsuba&!,JP,2003,88.0,61873,0.5195823054402913,0.03452493971655536,0.12635216913529893,"Family Life, Iyashikei, Episodic, Female Protagonist, Parenthood",
130938,Keikenchi Chochiku de Nonbiri Shoushin Ryokou: Yuusha to Koibito ni Tsuihou sareta Senshi no Mujikaku zama,JP,2021,63.0,6481,0.5186530235653221,0.29820842591127794,0.541977840380135,"Shounen, Male Protagonist, Magic, Dungeon, Slavery",
140527,Drawing: Saikyou Mangaka wa Oekaki Skill de Isekai Musou Suru! ,JP,2021,63.0,5825,0.5185745990925986,0.3190716564537769,0.4799721753031714,"Isekai, Male Protagonist, Reincarnation, Drawing, Elf",
158250,Jinx,KR,2022,61.0,6699,0.5180962140916113,0.2462101707104669,0.251728641361459,"Boys' Love, Boxing, Sadism, Full Color, Rape",
87375,"If It's for My Daughter, I'd Even Defeat a Demon Lord",JP,2016,72.0,6785,0.5179516078053066,0.18931193200571284,0.32072642345517693,"Shounen, Family Life, Demons, Found Family, Work",
116822,Yankee JK Kuzuhana-chan,JP,2020,64.0,14479,0.5178622525387844,0.09255893991080241,0.22474371191890596,"Female Harem, Gyaru, School, Male Protagonist, Delinquents",
189051,"What a Bountiful Harvest, Demon Lord!",KR,2025,78.0,6928,0.5176702492044485,0.2322909959592261,0.32773481268128235,"Agriculture, Male Protagonist, Demons, Kingdom Management, Surreal Comedy",
101584,"My Instant Death Ability is So Overpowered, No One in This Other World Stands a Chance Against Me! —AΩ—",JP,2018,66.0,10058,0.5175038759117837,0.2683936785012408,0.40941616007610643,"Isekai, Satire, Cosmic Horror, Anti-Hero, Dragons",
85890,New Saga,JP,2014,67.0,8698,0.5173040118036536,0.36258436006809586,0.5833998921557296,"Shounen, Demons, Male Protagonist, Magic, Elf",
85879,Distant Sky,KR,2014,74.0,6621,0.5170277041781257,0.39156498421413105,0.446203719991086,"Post-Apocalyptic, Survival, Male Protagonist, Achronological Order, Cannibalism",
119521,The Legend of the Northern Blade,KR,2019,85.0,43493,0.516731252663279,0.484120830897087,0.6899973550700478,"Martial Arts, Revenge, Male Protagonist, Swordplay, Tragedy",
102907,Inexpressive Kashiwada and Expressive Oota,JP,2018,70.0,6562,0.5165098194970754,0.04680004629652565,0.20820809840614346,"Kuudere, Male Protagonist, Shounen, School, Tsundere",
30444,BAD COMPANY,JP,1997,72.0,6116,0.5160799567963845,0.12875039667429516,0.38306639359113476,"Delinquents, School, Motorcycles, Shounen, Male Protagonist",
116264,Crimson Karma,KR,2019,72.0,8049,0.5159911332973139,0.2697517896315125,0.3868755088554502,"Female Protagonist, Isekai, Reincarnation, Military, Full Color",
116180,Eroko-san on the Attack,JP,2019,68.0,8578,0.5157990360953185,0.13692854253847497,0.11016156741332289,"Age Gap, Heterosexual, Seinen, Work",
127554,Rooster Fighter,JP,2020,72.0,10868,0.5157130779368541,0.327276717831261,0.5127110241649802,"Animals, Kaiju, Parody, Male Protagonist, Tragedy",
40884,Ace of the Diamond,JP,2006,82.0,10465,0.5153671065223251,0.051813900876566565,0.22282240138663367,"Shounen, Baseball, School Club, Male Protagonist, Primarily Teen Cast",
124577,Return to Player,KR,2020,72.0,19137,0.5148321437763181,0.3818678373017438,0.6037319800427394,"Gods, Full Color, Male Protagonist, Death Game, Urban Fantasy",
141157,Tatsuki Fujimoto Before Chainsaw Man: 22-26,JP,2021,73.0,12373,0.514641811967577,0.2147342686295301,0.26741575927083505,"Anthology, LGBTQ+ Themes, School, Coming of Age, Drawing",
87347,Given,JP,2013,84.0,40081,0.5145786668228576,0.20274215728473494,0.23014970628718912,"Boys' Love, Band, LGBTQ+ Themes, Rehabilitation, Primarily Male Cast",
30646,FLCL,JP,1999,67.0,8098,0.5143518169377093,0.031492373014066495,0.15918301874299454,"Shounen, Coming of Age, Age Gap, Surreal Comedy, Robots",
108768,The Klutzy Class Monitor and the Girl with the Short Skirt,JP,2019,75.0,15168,0.5143289719431013,0.09253484863141247,0.23537980898796118,"Shounen, Tsundere, School, Male Protagonist, Hip-hop Music",
187189,On the Way to Meet Mom,KR,2024,88.0,9977,0.514260861921793,0.28999397025536944,0.3833407621776075,"Found Family, Male Protagonist, Aliens, Full Color, Adoption",
85369,Yokai Girls,JP,2014,67.0,6128,0.5138757417546251,0.1866421707795422,0.3043068178062489,"Youkai, Seinen, Nudity, Monster Girl, Nekomimi",
85247,Twin Star Exorcists,JP,2013,77.0,22984,0.5137948086339358,0.3663376355319279,0.5801217567567497,"Exorcism, Shounen, Heterosexual, Demons, Male Protagonist",
34625,The Summit of the Gods,JP,2000,82.0,10627,0.5135190642580754,0.3830505402684277,0.4499068062617786,"Philosophy, Mountaineering, Seinen, Male Protagonist, Outdoor Activities",
118601,It's Mine,KR,2018,73.0,6110,0.5132061931465829,0.21090576539286382,0.28700761572908007,"Memory Manipulation, Death Game, Full Color, Male Protagonist, Bullying",
110472,Study Group,KR,2019,74.0,17496,0.5131381077241286,0.10761894476127548,0.31649093794943045,"Delinquents, School, Martial Arts, Bullying, Full Color",
30616,Mx0,JP,2006,74.0,8665,0.513022743833091,0.15718554426107156,0.35429244895642004,"Magic, School, Shounen, Tsundere, Time Manipulation",
99860,Isekai de Skill wo Kaitai Shitara Cheat na Yome ga Zoushoku Shimashita: Gainen Kousa no Structure,JP,2017,60.0,6896,0.512946408310074,0.20847517232555704,0.3889428825549862,"Isekai, Shounen, Female Harem, Slavery, Kemonomimi",
113607,Descent of the Demon Master,KR,2019,70.0,16529,0.5129022156574468,0.2681612632361425,0.5340437022248529,"Martial Arts, Isekai, Male Protagonist, Reincarnation, Full Color",
98686,Aharen-san is Indecipherable,JP,2017,74.0,17663,0.5128911828306859,0.05169770170410423,0.18336754921802362,"School, Iyashikei, Heterosexual, Episodic, Parody",
87020,"Go with the Clouds, North-by-Northwest",JP,2016,79.0,7824,0.5127917714004144,0.30907187013895754,0.37611900492624073,"Detective, Outdoor Activities, Seinen, Foreign, Urban Fantasy",
118608,The Live,KR,2020,70.0,11196,0.5126649783882692,0.3448081737552522,0.5904498640140795,"Male Protagonist, Reincarnation, Primarily Male Cast, Primarily Adult Cast, Isekai",
85848,Fukushuu Kyoushitsu,JP,2013,60.0,6015,0.512550929645594,0.2903358409857733,0.3477888647885639,"Revenge, Bullying, School, Gore, Tragedy",
150193,The Exiled Heavy Knight Knows How to Game the System,JP,2022,68.0,7038,0.5124375649123339,0.30980802261462903,0.49940969076540664,"Male Protagonist, Reincarnation, Isekai, Dungeon, Magic",
54308,No. 6,JP,2011,79.0,14999,0.5122843118936895,0.23512502885067715,0.3814394612505697,"Conspiracy, Anti-Hero, Dystopian, Crime, Urban",
107603,The World's Finest Assassin Gets Reincarnated in Another World as an Aristocrat,JP,2019,68.0,13919,0.512100841892101,0.33729772846529765,0.5161177001164694,"Guns, Male Protagonist, Isekai, Seinen, Anti-Hero",
85793,Kakegurui - Compulsive Gambler -,JP,2014,75.0,24363,0.5120040198211531,0.144391170234272,0.2182289943471839,"Gambling, Card Battle, Female Protagonist, School, Anti-Hero",
113171,From Overshadowed to Overpowered: Second Reincarnation of a Talentless Sage,JP,2019,63.0,9193,0.5119349573355794,0.346419219130367,0.5554899342878151,"Male Protagonist, Reincarnation, Magic, School, Demons",
101238,The Hero Laughs While Walking the Path of Vengeance a Second Time,JP,2018,60.0,7899,0.51172124098002,0.44867531607312583,0.5629340048495667,"Revenge, Male Protagonist, Anti-Hero, Isekai, Magic",
31075,7SEEDS,JP,2001,82.0,10904,0.5116107782420833,0.38137544355124464,0.4136581053276661,"Ensemble Cast, Female Protagonist, Survival, Josei, Post-Apocalyptic",
136204,Descended from Divinity,KR,2021,77.0,18890,0.5114688674934468,0.30659264406050635,0.5080638296962181,"Reincarnation, Male Protagonist, Isekai, Full Color, War",
97842,My Hero Academia: Vigilantes,JP,2016,76.0,21451,0.5113500607867882,0.2987686949992604,0.5697051361792769,"Superhero, Super Power, Crime, Shounen, Male Protagonist",
138705,Suyo Webtoon-ui Na Kang-Rim,KR,2021,83.0,12653,0.511132463481426,0.0792377574352992,0.18327385322713677,"Time Loop, Female Harem, School, Full Color, Heterosexual",
85666,Magical Girl Site,JP,2013,65.0,15640,0.510680294949435,0.3028744490054874,0.3730630091099334,"Female Protagonist, Magic, Bullying, Survival, Suicide",
30792,City Hunter,JP,1985,79.0,7170,0.5106233072996129,0.18052794624563176,0.40487877112414306,"Police, Shounen, Episodic, Guns, Crime",
111101,Hazure Skill: The Guild Member with a Worthless Skill Is Actually a Legendary Assassin,JP,2019,67.0,7588,0.5106149702533573,0.3893989197464559,0.5096990759433387,"Male Protagonist, Kemonomimi, Magic, Demons, Female Harem",
141479,The Legendary Spearman Returns,KR,2021,68.0,18370,0.5105459158774003,0.3928970604962055,0.5585836207279314,"Age Regression, Conspiracy, Spearplay, War, Time Skip",
163006,Isekai de Haishin Katsudou wo Shitara Tairyou no Yandere Shinja wo Umidashite Shimatta Ken,JP,2023,66.0,5920,0.5105435306974786,0.2262292479628203,0.31656258781285174,"Yandere, Male Protagonist, Magic, Heterosexual, Female Harem",
126298,I Woke Up as the Villain,KR,2020,69.0,7180,0.510502675553738,0.3112102743309532,0.525847677725136,"Isekai, Super Power, Dungeon, Male Protagonist, Full Color",
33468,Bunny Drop,JP,2005,62.0,12241,0.5102844265534301,0.17512878135908871,0.17577085167164228,"Family Life, Age Gap, Adoption, Heterosexual, Time Skip",
125291,Lord of the Mysteries,CN,2020,74.0,7854,0.5101519166404469,0.29147264858265304,0.4004059123346101,"Gods, Lost Civilization, Religion, Steampunk, Dissociative Identities",
130540,The Villainess is Retiring,KR,2021,73.0,6807,0.5101192886623297,0.1325894413688058,0.2139536094628198,"Villainess, Isekai, Reincarnation, Full Color, Magic",
138648,Mishiranu Joshikousei ni Kankinsareta Mangaka no Hanashi,JP,2021,66.0,8780,0.5098406806708334,0.08522744825074113,0.24770875214882354,"Yandere, Hikikomori, Shounen, Drawing, Crime",
148091,Barbarian Quest,KR,2022,77.0,8788,0.5096878223041881,0.39801610005238097,0.5923916457532727,"Religion, Full Color, Philosophy, Mythology, Anti-Hero",
117581,Flirting with The Villain's Dad,KR,2020,76.0,15384,0.509612615788129,0.1992031002230712,0.27006942662331107,"Female Protagonist, Gods, Kuudere, Villainess, Full Color",
108946,Cherry Magic! Thirty Years of Virginity Can Make You a Wizard?!,JP,2018,80.0,6203,0.5096041142957918,0.10770767332219872,0.2149265062061254,"Boys' Love, Super Power, Office, Male Protagonist, LGBTQ+ Themes",
51499,Umineko When They Cry Episode 6: Dawn of the Golden Witch,JP,2010,84.0,7097,0.5095341940648986,0.23312646972366585,0.3099078671460519,"Magic, Witch, Meta, Ensemble Cast, Detective",
114164,My New Wife’s Fake Smile,JP,2019,72.0,9720,0.5094575974363372,0.03299793432083809,0.19946884465241113,"Samurai, Historical, Marriage, Shounen, Yandere",
31101,Akumetsu,JP,2002,78.0,21748,0.5094242226610001,0.30135128396511995,0.4418390375075362,"Crime, Politics, Anti-Hero, Economics, Police",
109111,The Isekai Returnee is Too OP for the Modern World,JP,2019,62.0,8610,0.5092069681376203,0.158010300268318,0.44900408387831753,"Male Protagonist, Urban Fantasy, Isekai, School, Shounen",
106929,Eleceed,KR,2018,85.0,43327,0.5091557560813248,0.17068923963151234,0.40470154438808126,"Urban Fantasy, Super Power, Full Color, Cultivation, Found Family",
105279,Hero Without a Class: Who Even Needs Skills?!,JP,2018,64.0,7476,0.5091523699633119,0.3163052333053529,0.591533637162901,"Swordplay, Magic, Shounen, Male Protagonist, Surreal Comedy",
30032,O-Parts Hunter,JP,2001,68.0,6212,0.5091255750682102,0.34343064740889095,0.5788553122182356,"Shounen, Time Skip, Demons, Gods, Male Protagonist",
122604,Hachigatsu Kokonoka Boku wa Kimi ni Kuwareru.,JP,2020,62.0,8403,0.5091236831892055,0.21920198732808643,0.27986727932478084,"Youkai, Monster Girl, Yandere, Seinen, Female Protagonist",
30049,The Prince of Tennis,JP,1999,73.0,6339,0.5088623574018737,0.08798440257050667,0.25370907964835215,"Tennis, School Club, School, Anti-Hero, Primarily Male Cast",
85226,Inuyashiki,JP,2014,74.0,25591,0.5088471106643094,0.363095489655552,0.4916855890847728,"Cyborg, Seinen, Super Power, Tragedy, Urban",
30040,Black Cat,JP,2000,73.0,10047,0.5087786141512767,0.2763918049004091,0.5485357581828363,"Shounen, Guns, Revenge, Primarily Adult Cast, Super Power",
85522,Tokyo Ghoul: Jack,JP,2013,70.0,9810,0.5086981588273789,0.3400358900722947,0.48070901425478363,"Seinen, Urban Fantasy, Male Protagonist, Shapeshifting, Gore",
33282,Hotarubi no Mori e,JP,2002,74.0,6158,0.5086293909515737,0.21439489069332135,0.3158263630787642,"Shoujo, Heterosexual, Anthology, Coming of Age, Tragedy",
87415,"Goodbye, Dragon Life",JP,2015,62.0,5845,0.5086237801320573,0.2547941662219001,0.4946119184399217,"Reincarnation, Monster Girl, Dragons, Shounen, Isekai",
30988,Shijou Saikyou no Deshi Kenichi,JP,2002,76.0,14936,0.5084747678433111,0.1722451562492655,0.4047102377263152,"Martial Arts, Shounen, Delinquents, Male Protagonist, Nudity",
37887,Toriko,JP,2008,75.0,13386,0.5084227699173849,0.3513692925139724,0.5598766795240789,"Food, Animals, Super Power, Shounen, Primarily Adult Cast",
103081,Our Wonderful Days,JP,2017,72.0,7371,0.5083440593768195,0.03253072003669337,0.05755396147330954,"Primarily Female Cast, Cute Girls Doing Cute Things, Coming of Age, Yuri, Rural",
38947,Saint Young Men,JP,2006,76.0,8021,0.5082498430344249,0.23757958859238973,0.31441673538260373,"Gods, Male Protagonist, Seinen, Urban Fantasy, Episodic",
31211,Me and the Devil Blues: The Unreal Life of Robert Johnson,JP,2003,79.0,11118,0.5080423120675114,0.3900823621655291,0.33655004454504267,"Seinen, Historical, Body Horror, Male Protagonist, Musical Theater",
62779,Denpa Kyoushi,JP,2011,71.0,6546,0.5076209485309091,0.046420643697602515,0.20638026146457972,"School, Shounen, Teacher, Otaku Culture, Male Protagonist",
185702,Special Civil Servant,KR,2024,76.0,5884,0.5074925485122953,0.31976509776657003,0.5165870838342987,"Demons, Gore, Work, Urban Fantasy, Body Horror",
30043,Eyeshield 21,JP,2002,82.0,22072,0.5070728958660536,0.08199587792872459,0.2471833921645672,"American Football, Shounen, Male Protagonist, School Club, Coming of Age",
170399,Tower Dungeon,JP,2023,80.0,13773,0.5070204445625475,0.37607358854905193,0.5514020091441434,"Dungeon, Magic, Male Protagonist, Necromancy, Dragons",
86171,Naruto: The Seventh Hokage and the Scarlet Spring,JP,2015,67.0,9913,0.5068947141043527,0.12739913217411908,0.3943399127304696,"Ninja, Shounen, Super Power, Male Protagonist",
113987,"Shijou Saikyou no Mahou Kenshi, F Rank Boukensha ni Tensei Suru: Kensei to Matei, 2-tsu no Zense wo Motta Otoko no Eiyuutan",JP,2019,59.0,7773,0.5066529977187546,0.24256381200210536,0.5136541261541879,"Reincarnation, Isekai, Shounen, Magic, Male Protagonist",
31408,The World Is Mine,JP,1997,79.0,13306,0.5065907608172532,0.4468671489795001,0.43146716281930725,"Philosophy, Seinen, Terrorism, Politics, Anti-Hero",
54903,GANGSTA.,JP,2011,78.0,18625,0.5064184871948504,0.39829807253441485,0.45949581866867395,"Gangs, Dystopian, Urban, Crime, Seinen",
107540,Loner Life in Another World,JP,2019,64.0,17732,0.5064124956856969,0.4082994220720041,0.5490391568410612,"Isekai, Male Protagonist, Kingdom Management, Magic, Survival",
97305,Suki x Suki,JP,2016,65.0,7163,0.5063105920052484,0.08291993960441454,0.26875338999866893,"School, 4-koma, Heterosexual, Tsundere, Super Power",
114960,Mashle: Magic and Muscles,JP,2020,75.0,58282,0.5063012474818159,0.19763480411758638,0.4022500177667811,"Magic, Fitness, Surreal Comedy, Shounen, Parody",
85495,Re:Monster,JP,2014,69.0,19918,0.5060991782390707,0.4321009094860696,0.4956606669968326,"Goblin, Magic, Demons, Isekai, Male Protagonist",
65013,Again!!,JP,2011,70.0,6684,0.5060358803650806,0.09687334659202493,0.30486226508210745,"Shounen, Cheerleading, School, School Club, Male Protagonist",
112579,My Broken Mariko,JP,2019,78.0,30938,0.5058887626671558,0.30809639820607915,0.25966606891818833,"Tragedy, Female Protagonist, Suicide, Coastal, Primarily Adult Cast",
69139,Fort of Apocalypse,JP,2011,71.0,12688,0.5058647492472154,0.3161260883368793,0.4822380641472495,"Zombie, Survival, Shounen, Male Protagonist, Primarily Male Cast",
86243,Tsubaki-chou Lonely Planet,JP,2015,77.0,15584,0.5050835893982053,0.15923565697973152,0.16088259195497973,"Shoujo, Coming of Age, Age Gap, Female Protagonist, Heterosexual",
38446,Ikigami: The Ultimate Limit,JP,2005,75.0,8631,0.5050205887802826,0.39611431108417267,0.41852308211463557,"Seinen, Episodic, Politics, Dystopian, Conspiracy",
143031,I Want to End This Love Game,JP,2021,79.0,17900,0.5049570312179891,0.09774216779505962,0.24558333261620663,"Heterosexual, Tsundere, Male Protagonist, Iyashikei, Female Protagonist",
47910,Yomawari Sensei,JP,2004,81.0,9059,0.5045204839363527,0.3925623236109846,0.3338651556000463,"Rehabilitation, School, Non-fiction, Tragedy, Philosophy",
111434,Genshin Impact,CN,2018,75.0,8765,0.504430027527446,0.2915272518904909,0.34757615146761867,"Gods, Full Color, Magic, Super Power, Ensemble Cast",
146203,BLUE LOCK -EPISODE NAGI-,JP,2022,77.0,9178,0.5043615867065968,0.0729151034771047,0.26579399206333015,"Football, Male Protagonist, Primarily Male Cast, Primarily Teen Cast, Battle Royale",
136220,Doom Breaker,KR,2021,79.0,38588,0.5043008520103168,0.40793548899257104,0.500019843796593,"Male Protagonist, Full Color, Dungeon, Gods, Reincarnation",
36812,Kyou kara Ore wa!!,JP,1988,83.0,7621,0.5041654284044143,0.04617527557240262,0.21586395490620874,"Delinquents, School, Male Protagonist, Primarily Teen Cast, Shounen",
140837,QUESTISM,KR,2021,72.0,15311,0.5040571935688303,0.13161595970005188,0.4052415342479492,"Male Protagonist, Full Color, School, Video Games, Gangs",
105097,Mieruko-chan,JP,2018,77.0,44602,0.5039312050364907,0.23450161208903647,0.26610248808620424,"Ghost, Female Protagonist, Body Horror, Youkai, Gods",
30648,Dogs: Bullets & Carnage,JP,2005,75.0,6538,0.5037073882101982,0.3053903333979689,0.36526011827864413,"Guns, Seinen, Assassins, Gangs, Ensemble Cast",
100209,Breasts Are My Favorite Things in the World!,JP,2017,68.0,9785,0.5034725382666067,0.14112754985055753,0.12184916886530676,"Yuri, Large Breasts, Nudity, Female Protagonist, Primarily Teen Cast",
119523,The Villainess Lives Again,KR,2020,72.0,13853,0.5034322782146976,0.19788486283710388,0.22994264081612847,"Villainess, Politics, Full Color, Female Protagonist, Kingdom Management",
60859,High School DxD,JP,2010,72.0,8200,0.5030016195153272,0.19374580874211733,0.29773043087078976,"Female Harem, Nudity, Group Sex, Shounen, School",
147149,Smoking Behind the Supermarket with You,JP,2022,80.0,36847,0.5029983792301075,0.19422766359607357,0.20686807011836855,"Seinen, Heterosexual, Konbini, Primarily Adult Cast, Age Gap",
86639,After the Rain,JP,2014,77.0,16812,0.5028764536560715,0.22791877575208438,0.1644769052304377,"Age Gap, Work, Athletics, Rehabilitation, Coming of Age",
130149,Villain to Kill,KR,2021,73.0,21044,0.5028269076013556,0.23981966047588832,0.4731844306596312,"Super Power, Anti-Hero, Magic, Full Color, Cultivation",
101315,Anjo the Mischievous Gal,JP,2017,74.0,28657,0.5025821936344386,0.18695393624385204,0.19440046837814867,"Gyaru, Heterosexual, Primarily Teen Cast, Male Protagonist, Seinen",
30074,Air Gear,JP,2002,74.0,19116,0.5024080669155843,0.25765401915616926,0.4006280055148247,"Urban, Gangs, Heterosexual, Nudity, Conspiracy",
54705,The Flowers of Evil,JP,2009,81.0,70854,0.5023643023266667,0.31763201816679654,0.36253434918477645,"Coming of Age, Psychosexual, Philosophy, Denpa, Love Triangle",
113666,FFF-Class Trashero,KR,2019,71.0,23561,0.5023624142581279,0.38258765025615726,0.5312892712513522,"Isekai, Anti-Hero, Revenge, Parody, Male Protagonist",
44110,Seitokai Yakuindomo,JP,2007,76.0,7407,0.5018605882088729,0.07961703750369187,0.20292698916078938,"4-koma, School, Heterosexual, Female Harem, Shounen",
119913,Secret Class,KR,2019,69.0,8959,0.5018377948409548,0.18866374829284455,0.19446595812002876,"Inseki, Nudity, Large Breasts, Full Color, Male Protagonist",
30655,Please Save My Earth,JP,1986,77.0,6178,0.5016455085369999,0.2750490951913986,0.3185228063011452,"Space, Reincarnation, Shoujo, Love Triangle, Philosophy",
127993,The Superhuman Era,KR,2019,78.0,8891,0.5015636697115858,0.2561833226733533,0.5450344076605783,"Full Color, Tragedy, Chimera, Superhero, Gore",
118586,Frieren: Beyond Journey’s End,JP,2020,87.0,81772,0.501530651372031,0.3917579468401239,0.45531999831064307,"Magic, Travel, Elf, Philosophy, Female Protagonist",
132093,Hero Killer,KR,2021,76.0,15466,0.5014345527707709,0.33880655724386743,0.5753856161171653,"Female Protagonist, Revenge, Full Color, Anti-Hero, Super Power",
150744,The Esper's Game,KR,2022,73.0,12575,0.5012580668851533,0.25479071611424586,0.44301809840967804,"Virtual World, Super Power, Male Protagonist, Full Color, Magic",
87027,Hellper,KR,2011,77.0,8570,0.5011864182254846,0.3647353732450294,0.5352434292317417,"Afterlife, Philosophy, Gangs, Anti-Hero, Tragedy",
31534,ZETMAN,JP,2002,74.0,14551,0.5011709442480564,0.35599388426784506,0.5342073439166729,"Seinen, Tokusatsu, Male Protagonist, Philosophy, Urban Fantasy",
30465,NOiSE,JP,2000,68.0,8896,0.5010672641427903,0.3110623596597389,0.357538400148444,"Police, Detective, Guns, Seinen, Cyberpunk",
106726,Shimeji Simulation,JP,2019,84.0,19322,0.5009656450430493,0.21228555283395356,0.2046597961316952,"Meta, Surreal Comedy, Philosophy, Augmented Reality, Female Protagonist",
123995,The Lady and the Beast,KR,2020,72.0,10261,0.5007815573272836,0.2021375359151783,0.29521269710850623,"Reincarnation, Female Protagonist, Witch, Royal Affairs, Long Strip",
58361,HIDEOUT,JP,2010,66.0,20213,0.5006484259350584,0.4655153621819613,0.5024070003311283,"Tragedy, Seinen, Survival, Gore, Crime",
30727,Shamo,JP,1998,74.0,15296,0.5006239908180397,0.4733987205879941,0.5168736901242827,"Martial Arts, Male Protagonist, Anti-Hero, Rehabilitation, Seinen",
127783,The Grand Mudang Saga,KR,2020,74.0,12228,0.5006228201176468,0.29867599124926547,0.5572317867143199,"Anti-Hero, Male Protagonist, Martial Arts, Primarily Male Cast, Reincarnation",
123657,Tokyo Aliens,JP,2020,75.0,7604,0.5006187353834977,0.31267110724290964,0.5036941542673279,"Aliens, Cyberpunk, Urban Fantasy, Male Protagonist, Seinen",
117465,"Maou Gakuen no Hangyakusha: Jinrui Hatsu no Maou Kouho, Kenzoku Shoujo to Ouza wo Mezashite Nariagaru",JP,2020,62.0,7246,0.50041942199071,0.24510116427346246,0.2979206377074046,"Male Protagonist, Demons, Female Harem, Magic, Nudity",
187427,The Villain's Survival Route,KR,2025,78.0,11914,0.5003552241547615,0.31615354490652714,0.398828489463114,"Magic, Isekai, Full Color, School, Long Strip",
98171,How a Realist Hero Rebuilt the Kingdom,JP,2017,73.0,12112,0.5001721133159658,0.37384186012541776,0.45654883683701675,"Isekai, Politics, Male Protagonist, Economics, Female Harem",
47051,Barakamon,JP,2008,83.0,15889,0.5001589626625037,0.12376146490718463,0.17971597239197556,"Iyashikei, Calligraphy, Found Family, Rural, Family Life",
108441,The Greatest Demon Lord is Reborn as a Typical Nobody,JP,2019,60.0,5882,0.49981368094200174,0.21238660772527146,0.40830866142716293,"Male Protagonist, Female Harem, Reincarnation, Heterosexual, Elf",
30660,The Rose of Versailles,JP,1972,83.0,10614,0.4997477328692215,0.28980372972780877,0.2827833544575578,"Shoujo, Class Struggle, Foreign, Historical, Politics",
182066,The Regressed Mercenary Has a Plan,KR,2024,80.0,19910,0.4996595478268856,0.37232334424670044,0.500031368084479,"Revenge, Kingdom Management, Male Protagonist, Age Regression, Swordplay",
179484,GALAXIAS,JP,2024,73.0,6384,0.4993312919792927,0.3637568756939692,0.529297107535715,"Male Protagonist, Monster Boy, Female Protagonist, Shounen, Dragons",
111154,I Became a Legend after My 10 Year-Long Last Stand,JP,2019,67.0,9476,0.49915004992149786,0.3087822301465809,0.47698971965369,"Male Protagonist, Magic, Kemonomimi, Female Harem, Isekai",
140475,The Fragrant Flower Blooms With Dignity,JP,2021,87.0,73940,0.4990446353369833,0.19016990614979784,0.3125082641035587,"Iyashikei, Heterosexual, Primarily Teen Cast, School, Male Protagonist",
103850,The Hidden Dungeon Only I Can Enter,JP,2018,60.0,8360,0.49902510515947707,0.30811855951250156,0.5049086272432783,"Female Harem, Dungeon, Magic, Swordplay, Elf",
68105,Kase-san and...,JP,2010,79.0,18271,0.49886903702672947,0.08445999203239277,0.06507417185243516,"Yuri, Female Protagonist, Coming of Age, Tomboy, Primarily Female Cast",
103082,Pumpkin Night,JP,2016,62.0,23025,0.4988073939147754,0.4209726354523903,0.3952815364811938,"Revenge, Gore, Anti-Hero, Bullying, Tragedy",
107790,No Longer Human,JP,2017,77.0,13420,0.4987402226936919,0.4396502377518273,0.35816550146264153,"Tragedy, Philosophy, Classic Literature, Nudity, Seinen",
113591,Let's Buy the Land and Cultivate It in a Different World,JP,2019,68.0,8640,0.4985538846386544,0.18959527741010637,0.3905223899787918,"Mermaid, Isekai, Male Protagonist, Shounen, Iyashikei",
139358,PPPPPP,JP,2021,66.0,6181,0.4984066711615889,0.19598821984606574,0.33654483547208147,"Twins, Tragedy, Musical Theater, Classical Music, Estranged Family",
101434,How to Treat a Lady Knight Right,JP,2018,70.0,21154,0.49819634064353757,0.2509827929218509,0.3600493146173344,"Tomboy, Episodic, Primarily Female Cast, Love Triangle, Tsundere",
159439,Boundless Ascension,KR,2022,69.0,17170,0.4973695709861648,0.44318294476925313,0.6452261949208671,"Necromancy, Super Power, Dungeon, Anti-Hero, Survival",
112116,Time Stop Hero,JP,2019,65.0,6685,0.49734952771430935,0.2291914322706437,0.5244665735833138,"Time Manipulation, Isekai, Shounen, Male Protagonist, Nudity",
104063,Shadows House,JP,2018,82.0,22928,0.4971949291016428,0.34667311775004084,0.38892715137569167,"Conspiracy, Female Protagonist, Memory Manipulation, Body Horror, Full Color",
35157,Baki: The Search of our Strongest Hero,JP,1999,77.0,10827,0.4970023382261374,0.15165158908583712,0.4141253844218581,"Martial Arts, Shounen, Gore, Male Protagonist, Primarily Male Cast",
172619,The Extra’s Academy Survival Guide,KR,2023,81.0,26574,0.4968488849688731,0.24839659164640526,0.41292772262844624,"Full Color, Male Protagonist, Magic, Isekai, School",
132156,The Little Princess and Her Monster Prince,KR,2021,70.0,6974,0.4968120905941087,0.12553126054878946,0.2041639724662126,"Female Protagonist, Full Color, Isekai, Reincarnation, Royal Affairs",
116671,Juujika no Rokunin,JP,2020,62.0,34945,0.4967119809256945,0.39694911683799655,0.38156870265630305,"Revenge, Torture, Gore, Tragedy, Crime",
100080,ONIMAI: I'm Now Your Sister!,JP,2017,77.0,13787,0.49661394058488584,0.07310153964323635,0.1095885778420212,"Gender Bending, Iyashikei, Cute Girls Doing Cute Things, Primarily Female Cast, Transgender",
169355,Kagurabachi,JP,2023,79.0,64502,0.49637203695696686,0.4157544552456324,0.5981638614183986,"Swordplay, Urban Fantasy, Shounen, Revenge, Conspiracy",
166279,Saihate ni Madou,JP,2023,69.0,7171,0.4962713351660896,0.30011284654905923,0.3761125405383703,"Tragedy, Adoption, Suicide, Rape, Male Protagonist",
144155,Kawaii Kanojo-chan,JP,2022,62.0,6089,0.49604701545199753,0.032393216175694135,0.05417801290854464,"Yandere, POV, Heterosexual",
34444,Rokudenashi BLUES,JP,1988,75.0,6006,0.49601824660034965,0.11139904202403451,0.2843410450357158,"Delinquents, School, Boxing, Shounen, Episodic",
97277,Ordinary Soldier Dreams of the Past,JP,2016,63.0,6474,0.4957751604529518,0.28829053337366267,0.5927124222005178,"Time Manipulation, Male Protagonist, Reincarnation, Shounen, Magic",
126770,Deadpool: Samurai,JP,2020,71.0,6086,0.49561162900573097,0.19580868194432188,0.4404994362274467,"Anti-Hero, Surreal Comedy, Super Power, Superhero, Shounen",
86292,After Hours,JP,2015,69.0,6283,0.49557193571806457,0.1525309336657747,0.11985975692896886,"Yuri, Female Protagonist, Primarily Adult Cast, Band, Urban",
98176,Kumanishi Bijutsubu Rough Sketch-senpai,JP,2016,70.0,5876,0.49551927608250296,0.06576522306830153,0.1992991778622763,"Drawing, School, School Club, Female Protagonist, Shounen",
115042,Isekai NTR: Shinyuu no Onna wo Saikyou Skill de Otosu Houhou,JP,2020,61.0,6081,0.49546150656614624,0.3779253864387351,0.4672615755251033,"Isekai, Seinen, Netori, Demons, Delinquents",
85282,Peephole,JP,2013,59.0,8199,0.49544358601979244,0.22541290049165602,0.27596875243894586,"Gore, Tragedy, Voyeur, Yandere, Primarily Adult Cast",
110785,2.5 Dimensional Seduction,JP,2019,73.0,17423,0.49531902018844526,0.09044598694866945,0.1891237460410643,"Cosplay, Otaku Culture, Female Harem, Heterosexual, Nudity",
132144,Return of the Blossoming Blade,KR,2021,84.0,40595,0.495149258647409,0.3302881231531415,0.5683621297410569,"Swordplay, Wuxia, Reincarnation, Martial Arts, Cultivation",
99737,Tsuiraku JK to Haijin Kyoushi,JP,2017,77.0,10962,0.4949381532160469,0.12010349113139532,0.12953524542466952,"Teacher, Age Gap, Female Protagonist, Suicide, Episodic",
85370,Rakudai Kishi no Cavalry,JP,2014,71.0,11520,0.49489112540419933,0.17852547929450205,0.4282018091993607,"School, Shounen, Super Power, Swordplay, Transgender",
31320,The Ravages of Time,CN,2001,81.0,8780,0.4948792097838908,0.3880624996790564,0.5128939634206684,"Historical, War, Military, Ensemble Cast, Politics",
165182,Time-Limited Genius Dark Knight,KR,2023,71.0,17326,0.494621973803416,0.3032456900526734,0.5225419412042883,"Isekai, Full Color, Magic, Swordplay, Male Protagonist",
85138,ib: Instant Bullet,JP,2013,71.0,10582,0.494260642639071,0.41569074282695345,0.5183490427830572,"Urban Fantasy, Seinen, Tragedy, Super Power, Heterosexual",
142568,Takopi's Original Sin,JP,2021,77.0,29920,0.49418079938258586,0.1970791543359267,0.31882592780647845,"Bullying, Tragedy, Aliens, Time Manipulation, Denpa",
101418,Hwasanjeonsaeng,KR,2017,73.0,13640,0.4937814572461125,0.30952653712063455,0.545881227466603,"Reincarnation, Cultivation, Wuxia, Martial Arts, Swordplay",
178379,Blink Master of the Magic Academy,KR,2024,76.0,18357,0.49347847136701256,0.28590963649895235,0.5377393072952947,"Isekai, Video Games, Full Color, Male Protagonist, Magic",
161749,Last on Earth,KR,2023,68.0,6910,0.4932305901389031,0.23206138917751948,0.43031233726576795,"Urban Fantasy, Magic, Angels, Male Protagonist, Full Color",
103203,The Death Mage,JP,2018,68.0,11928,0.49314145492122863,0.47815022359563786,0.5649504207369549,"Magic, Isekai, Reincarnation, Revenge, Male Protagonist",
39711,Bakuman。,JP,2008,81.0,43303,0.4931176753985167,0.15100125406450815,0.24817772139884192,"Drawing, Work, Meta, Shounen, Writing",
47465,Memories of Emanon,JP,2006,78.0,33717,0.49304955709592657,0.30884770318367916,0.3392043164973188,"Philosophy, Seinen, Female Protagonist, Reincarnation, Memory Manipulation",
153284,After Ten Millennia in Hell,KR,2022,75.0,29983,0.49287823112440554,0.41569836037635577,0.5907564710105342,"Dungeon, Magic, Full Color, Male Protagonist, Anti-Hero",
30119,Magic Knight Rayearth,JP,1993,72.0,5990,0.49244542912281714,0.16906372206747886,0.2395477609067141,"Shoujo, Magic, Isekai, Female Protagonist, Medieval",
108050,Reverend Insanity,CN,2018,76.0,8200,0.4924135723916463,0.28977247575726095,0.47662183896091054,"Anti-Hero, Male Protagonist, Cultivation, Time Manipulation, Martial Arts",
126361,The Villainess' Butler: Death Flag Destroyer at Your Service,JP,2020,71.0,6882,0.4920947063436175,0.1890104153806538,0.18564882687831988,"Butler, Villainess, Seinen, Reincarnation, Ojou-sama",
116062,"I Got a Cheat Skill in Another World and Became Unrivaled in The Real World, Too",JP,2019,67.0,15129,0.49208086516629074,0.27490971779462786,0.5387803796755275,"Male Protagonist, Isekai, School, Female Harem, Shounen",
114972,Boys Run The Riot,JP,2020,78.0,12727,0.49178347543542084,0.29968873024932385,0.2743311029259778,"LGBTQ+ Themes, Transgender, Fashion, Male Protagonist, Coming of Age",
99587,Seirei Gensouki: Spirit Chronicles,JP,2017,65.0,8274,0.49167590307242753,0.26049624796279724,0.33360800544396774,"Magic, Reincarnation, Isekai, School, Male Protagonist",
162190,The Genius Medicinal Mage,KR,2023,71.0,7479,0.49163098659013926,0.27694850377115954,0.5197634234632307,"Cyberpunk, Magic, Full Color, Male Protagonist, Urban",
130897,The Lady Needs a Break,KR,2021,69.0,6275,0.49138127295976924,0.17631953651424756,0.2716671060341053,"Female Protagonist, Curses, Full Color, Reincarnation, Magic",
201009,The Patron of Villains,KR,2025,78.0,9501,0.49126046781518573,0.24622509998590528,0.46057123672214273,"Full Color, Isekai, Magic, Yandere, Male Protagonist",
172165,The Genius Assassin Who Takes It All,KR,2023,66.0,6282,0.491114505082846,0.32795954877792866,0.5235036563829354,"Isekai, Reincarnation, Magic, Full Color, Male Protagonist",
106331,Ikoku Nikki,JP,2017,87.0,11769,0.4910821945972727,0.14129953425358055,0.11676245812105947,"Family Life, Female Protagonist, Josei, Adoption, Coming of Age",
126543,#DRCL midnight children,JP,2021,72.0,9110,0.4910786858354971,0.3298921065130491,0.34479947084035606,"Vampire, Classic Literature, Historical, Seinen, Cosmic Horror",
113501,"Please Go Home, Miss Akutsu!",JP,2019,72.0,32759,0.49102443589531264,0.17505249625694536,0.1797075843885208,"Iyashikei, Tsundere, Male Protagonist, Female Protagonist, Gyaru",
33586,River's Edge,JP,1993,73.0,5856,0.4908646631248324,0.21743888578444048,0.21675784794281813,"Coming of Age, Tragedy, Josei, LGBTQ+ Themes, School",
130511,The Player Who Can't Level Up,KR,2021,72.0,34176,0.49055620272247663,0.31765208941700857,0.5539567363127029,"Dungeon, Male Protagonist, Super Power, Urban Fantasy, Swordplay",
30106,Cardcaptor Sakura,JP,1996,82.0,18827,0.4904454485047267,0.14092391837675664,0.2102426676989096,"Magic, Urban Fantasy, Family Life, Shoujo, Love Triangle",
155950,Auto Hunting With My Clones,KR,2022,72.0,9842,0.49028761823912087,0.26148368766828584,0.5050249283194903,"Clone, Isekai, Full Color, Male Protagonist, Time Loop",
85736,Re:ZERO -Starting Life in Another World- Chapter 1: A Day in the Capital,JP,2014,75.0,8110,0.48999570554200816,0.3978069332657624,0.521983545558903,"Time Manipulation, Time Loop, Isekai, Male Protagonist, Elf",
165287,Singwahamkke Doraon Gisawangnim,KR,2023,73.0,17136,0.48959239548250727,0.37724570127589513,0.6221365741185475,"Male Protagonist, Full Color, Gods, Demons, Swordplay",
126399,A Home Far Away,JP,2020,84.0,6124,0.4895347679342702,0.3219252226803935,0.2880278711719445,"LGBTQ+ Themes, Travel, Boys' Love, Tragedy, Fugitive",
140159,The World's Strongest Are Obsessed With Me,KR,2021,72.0,6469,0.48887597805732774,0.11089246473076608,0.18628176113172257,"Isekai, Male Harem, Reincarnation, Video Games, Royal Affairs",
109170,"The Cursed Sword Master’s Harem Life: By the Sword, For the Sword",JP,2019,62.0,7116,0.4887814711106444,0.2595389191097556,0.428602250603829,"Nudity, Female Harem, Male Protagonist, Isekai, Polyamorous",
107780,"Fukushuu wo Koinegau Saikyou Yuusha wa, Yami no Chikara de Senmetsu Musou suru",JP,2019,64.0,18915,0.4886659996785944,0.5138746570719984,0.5544440080151054,"Revenge, Anti-Hero, Gore, Seinen, Male Protagonist",
111621,Painter of the Night,KR,2019,75.0,11768,0.4885997662436701,0.23872939556157693,0.28592894589534334,"Full Color, Boys' Love, Male Protagonist, Primarily Male Cast, Historical",
75996,Hunter x Hunter: Kurapika's Memories,JP,2012,75.0,7761,0.4884456613477449,0.2654813284596737,0.4984459178755397,"Shounen, Primarily Male Cast, Male Protagonist, Tragedy, Language Barrier",
104033,Game of Familia,JP,2018,66.0,7089,0.48837304020027694,0.47247521716153773,0.5769531304764101,"Anti-Hero, Female Harem, Male Protagonist, Seinen, Rape",
117802,One Piece: Ace’s Story—The Manga,JP,2020,78.0,7529,0.488344674094047,0.26983249458295955,0.5588918391174974,"Shounen, Pirates, Male Protagonist, Found Family, Travel",
30958,Goth,JP,2002,63.0,8016,0.4882588718803227,0.40772577619656714,0.4200354073083089,"Anti-Hero, Seinen, Gore, Tragedy, Male Protagonist",
100105,"Makikomarete Isekai Teni suru Yatsu wa, Taitei Cheat",JP,2017,54.0,6055,0.4882132060438479,0.16457023467589005,0.23262115909159564,"Isekai, Female Harem, Nudity, Slavery, Polyamorous",
159930,The Infinite Mage,KR,2022,78.0,36578,0.4881282358506316,0.36383067372148914,0.5333552449233123,"Magic, School, Bullying, Tsundere, Male Protagonist",
127102,The Worn and Torn Newbie,KR,2020,71.0,12539,0.4880960601240483,0.27535871998386235,0.4879535644660977,"Virtual World, Video Games, Age Regression, Male Protagonist, E-Sports",
139381,My Life as a Player,KR,2021,64.0,7350,0.4880803389928295,0.3111416081237509,0.5868527984509525,"Full Color, Male Protagonist, Super Power, Time Manipulation, Demons",
129632,The Tutorial Is Too Tough!,KR,2021,71.0,16919,0.48794952610401365,0.30753599752897953,0.5030966224180744,"Survival, Gods, Death Game, Video Games, Full Color",
86242,How to Build a Dungeon: Book of the Demon King,JP,2015,63.0,7233,0.48757944922181723,0.3770011784513909,0.41369289776230767,"Seinen, Dungeon, Anti-Hero, Female Harem, Nudity",
186019,Ultimate Shut-in,KR,2024,74.0,7324,0.48753589297800803,0.2627900364625507,0.4709125454120877,"Post-Apocalyptic, Super Power, Kingdom Management, Male Protagonist, Full Color",
72001,Chang Ge Xing,CN,2011,81.0,9337,0.487471239125044,0.3707790928927159,0.5103457496022414,"Ancient China, Historical, Politics, Female Protagonist, War",
109435,The Villain's Savior,KR,2019,68.0,5901,0.48739206161366566,0.24891190561077492,0.32000823373994536,"Historical, Reincarnation, Female Protagonist, Heterosexual, Primarily Adult Cast",
102259,A Good Day to be a Dog,KR,2017,79.0,10919,0.487337137531818,0.19234261565905214,0.2952559214906891,"Work, Primarily Adult Cast, School, Bullying, Full Color",
116186,Boy's Abyss,JP,2020,68.0,56498,0.4870200849856146,0.35565450015901284,0.3319842278039328,"Tragedy, Seinen, Suicide, Coming of Age, Male Protagonist",
103034,"I'm a Behemoth, an S-Ranked Monster, but Mistaken for a Cat, I Live as an Elf Girl's Pet",JP,2018,61.0,7996,0.4868022009269202,0.3217035474329224,0.3903352131874792,"Reincarnation, Magic, Animals, Dungeon, Elf",
153869,The Perfect Hybrid,KR,2022,68.0,9151,0.48651937751186103,0.22846273644761098,0.4762082179503442,"Super Power, Shapeshifting, Male Protagonist, Full Color, Urban",
30768,Battle Angel Alita,JP,1990,81.0,30135,0.4865068384865286,0.30518477831526053,0.36428870373119115,"Cyberpunk, Female Protagonist, Amnesia, Seinen, Dystopian",
65673,Nickelodeon,JP,2010,74.0,6828,0.4864706095906768,0.279646400278783,0.29140833659424364,"Seinen, Anthology, Episodic, Surreal Comedy, Yuri",
114198,The Second Coming of Gluttony,KR,2019,71.0,15797,0.48641309421804674,0.39536019204648554,0.6399681074475516,"Male Protagonist, Survival, Full Color, Isekai, Virtual World",
101722,An Archdemon's Dilemma: How to Love Your Elf Bride,JP,2018,74.0,17410,0.4863936587922709,0.3836354255154354,0.4873463748711779,"Magic, Elf, Demons, Shounen, Male Protagonist",
199999,WITCHRIV,JP,2025,72.0,6103,0.4863092922886514,0.26933422527058454,0.3762794142204885,"Witch, Female Protagonist, Magic, Tragedy, Dystopian",
78035,My Wife Is Wagatsuma-san,JP,2010,69.0,5976,0.4862167803798806,0.06718018953045618,0.2620377915054989,"School, Male Protagonist, Time Skip, Shounen, Otaku Culture",
86837,Angels of Death,JP,2015,73.0,7107,0.4861851159619455,0.3375719927170494,0.398111476913213,"Amnesia, Philosophy, Shoujo, Anti-Hero, Female Protagonist",
114027,Boy Meets Maria,JP,2017,81.0,21503,0.48607500501138273,0.2492207365749983,0.24657591999074296,"LGBTQ+ Themes, School, Crossdressing, Acting, School Club",
151025,Mythic Item Obtained,KR,2022,74.0,24259,0.48600553939955254,0.43207298534053795,0.5981367554557591,"Gods, Full Color, Male Protagonist, Magic, Urban Fantasy",
163733,Netorare Manga no Kuzu Otoko ni Tensei Shita Hazu ga Heroine ga Yotte Kuru Ken,JP,2023,64.0,8284,0.48570579297843247,0.18946602533182644,0.22716854029847994,"Male Protagonist, Reincarnation, Netori, Female Harem, Heterosexual",
85506,Dolly Kill Kill,JP,2014,66.0,8252,0.485703936740954,0.2892148193852759,0.4876681076040662,"Survival, Male Protagonist, Post-Apocalyptic, Gore, Aliens",
134166,I Got Married to the Girl I Hate Most in Class,JP,2021,68.0,10460,0.48552078747011024,0.09187562165289546,0.22100845652595236,"Heterosexual, Male Protagonist, Family Life, Tsundere, Arranged Marriage",
115455,Slow Life In Another World (I Wish!),JP,2019,60.0,6410,0.4855188485747266,0.20859595658913124,0.31136692291037427,"Isekai, Female Harem, Slavery, Male Protagonist, Nudity",
152128,The Novel's Extra,KR,2022,77.0,27228,0.4854773427385261,0.35953420690748544,0.5865203757439781,"Isekai, Full Color, Male Protagonist, Super Power, Tsundere",
98858,My Boy,JP,2015,76.0,6552,0.48512619097815207,0.32818234871182383,0.29823233494159307,"Coming of Age, Seinen, Female Protagonist, Office, Male Protagonist",
99771,Kawaii Hito,JP,2014,75.0,7452,0.4845373682765459,0.11624683515362845,0.1480305992026904,"Male Protagonist, Primarily Adult Cast, Iyashikei, Shoujo, Heterosexual",
34368,Toradora!,JP,2007,77.0,10380,0.48447857149201057,0.056625668408011524,0.16839204516722744,"Coming of Age, Tsundere, School, Shounen, Love Triangle",
56736,House of the Sun,JP,2010,79.0,24507,0.484269474756827,0.13645714673929882,0.14332960276018442,"Female Protagonist, Family Life, Coming of Age, Love Triangle, Shoujo",
30796,Dr. Slump,JP,1980,75.0,6715,0.48395459318825534,0.09630313292729217,0.27404823450603283,"Shounen, Chibi, Slapstick, Surreal Comedy, Urban Fantasy",
109302,Adachi and Shimamura,JP,2019,79.0,9132,0.4838969500638262,0.05317549627169995,0.12423373400339557,"Yuri, Female Protagonist, Primarily Female Cast, Coming of Age, LGBTQ+ Themes",
141756,"Please Bully Me, Miss Villainess!",CN,2021,80.0,9322,0.48387649753135253,0.16371801283213505,0.21326511157121286,"Yuri, Villainess, LGBTQ+ Themes, Female Protagonist, Bullying",
147027,Returning With Absolutely Nothing,KR,2022,74.0,12572,0.4837260638822797,0.3204331205236016,0.527526128396078,"Reincarnation, Full Color, Age Regression, Martial Arts, Cultivation",
113647,Chillin' in My 30s After Getting Fired From the Demon King's Army,JP,2019,66.0,6712,0.4825352640080166,0.30639547982032456,0.34532668512639786,"Male Protagonist, Demons, Swordplay, Heterosexual, Female Harem",
85617,Seaside Stranger: Harukaze no Étranger,JP,2014,82.0,12428,0.48247945579402124,0.1788076025670937,0.1753657966476454,"Boys' Love, LGBTQ+ Themes, Iyashikei, Time Skip, Male Protagonist",
101069,I’ve Been Killing Slimes for 300 Years and Maxed Out My Level,JP,2017,70.0,11157,0.4824648691831224,0.25047052397882874,0.29792035637777736,"Female Protagonist, Witch, Cute Girls Doing Cute Things, Primarily Female Cast, Medieval",
30118,Kobato.,JP,2005,76.0,5860,0.4818492973114385,0.2558358334053039,0.28006796160538117,"Magic, Reincarnation, Seinen, Angels, Female Protagonist",
101557,The Dangers in My Heart,JP,2018,81.0,34166,0.48146264786184917,0.1124283323182615,0.23715075366773944,"Heterosexual, School, Male Protagonist, Coming of Age, Female Protagonist",
30443,Mars,JP,1996,82.0,12375,0.4810596791444838,0.22417373771060983,0.19720966357104452,"Heterosexual, Shoujo, Coming of Age, Female Protagonist, Rape",
99573,My Room is a Dungeon Rest Stop,JP,2017,64.0,6311,0.48105353107409704,0.2760648242643051,0.3704150696664368,"Dungeon, Isekai, Female Harem, Elf, Male Protagonist",
46688,Ibitsu,JP,2009,64.0,13356,0.4809235648163886,0.36569260186749963,0.3561818649520868,"Seinen, Yandere, Gore, Body Horror, Tragedy",
85467,World Customize Creator,JP,2013,63.0,7778,0.48087623617066266,0.3101474752151954,0.5686274122557711,"Magic, Politics, Male Protagonist, Isekai, Shounen",
106434,Hitomi-chan is Shy With Strangers,JP,2018,70.0,18010,0.4804638766119294,0.10167256956667214,0.20433709012078774,"Tomboy, Heterosexual, School, Male Protagonist, Athletics",
86568,The Case Study of Vanitas,JP,2015,83.0,34803,0.4802081460503692,0.36271740878479447,0.5932885459974065,"Vampire, Tragedy, Historical, Steampunk, Primarily Adult Cast",
99461,Real no Heroine wa Irimasen!,JP,2016,61.0,8958,0.48005974060471196,0.19464442548554006,0.23626389124616567,"Bullying, Otaku Culture, School, Male Protagonist, Conspiracy",
147636,My Daughter Is The Final Boss,KR,2022,73.0,13800,0.48005506943199505,0.31565975998234236,0.4587650422667187,"Age Regression, Reincarnation, Time Manipulation, Male Protagonist, Tragedy",
169272,Tune In to the Midnight Heart,JP,2023,83.0,16434,0.47993179387608254,0.12211010373742083,0.24475733791602294,"School Club, Male Protagonist, Acting, Heterosexual, Tsundere",
85734,Tamen De Gushi,CN,2014,82.0,37719,0.4798748622483888,0.06395683428829609,0.10309127940210065,"Yuri, Female Protagonist, Episodic, LGBTQ+ Themes, Full Color",
37749,Oresama Teacher,JP,2007,77.0,7221,0.4798684343355545,0.12900744385737453,0.21648747835311924,"School, Shoujo, Female Protagonist, Delinquents, Teacher",
141958,My S-Class Hunters,KR,2021,74.0,19597,0.4798492413573852,0.34632216190342024,0.529463752373611,"Found Family, Urban Fantasy, Dungeon, Time Manipulation, Full Color",
100293,The Duke of Death and His Maid,JP,2017,77.0,17282,0.4798270835428427,0.16743057643124196,0.31299662869933165,"Maids, Witch, Time Manipulation, Butler, Heterosexual",
37519,Kami nomi zo Shiru Sekai,JP,2008,82.0,25051,0.47980081186117446,0.2167526389114232,0.367321265933625,"Primarily Female Cast, Female Harem, Male Protagonist, School, Video Games",
102476,My Daughter Left the Nest and Returned an S-Rank Adventurer,JP,2018,72.0,7513,0.4797844394277259,0.36847833208701697,0.46519685145943546,"Male Protagonist, Magic, Female Protagonist, Demons, Adoption",
87471,Rascal Does Not Dream of Bunny Girl Senpai,JP,2015,77.0,12121,0.4797655570496982,0.2442126440808662,0.30720588705789736,"Male Protagonist, Seinen, School, Tragedy",
119474,8th Circle Mage Reborn,KR,2020,63.0,8713,0.47971712804911576,0.35605629538858163,0.528480820917575,"Revenge, Politics, Full Color, Reincarnation, Magic",
131376,From a Knight to a Lady,KR,2021,71.0,7851,0.47960913944956285,0.17949001010810445,0.2392180428213069,"Female Protagonist, Heterosexual, Arranged Marriage, Reincarnation, Full Color",
114437,My Awkward Senpai,JP,2019,68.0,10329,0.47911456529237145,0.2034777293262398,0.209000046487401,"Heterosexual, Office Lady, Female Protagonist, Seinen, Age Gap",
100765,GIGANT,JP,2017,57.0,11915,0.4790585940156097,0.23477141831108242,0.23302328746126078,"Artificial Intelligence, Large Breasts, Nudity, Super Power, Aliens",
130870,The Frozen Player Returns,KR,2021,74.0,25150,0.4789246250810095,0.35541853253873934,0.5957223753930354,"Male Protagonist, Dungeon, Full Color, Super Power, Urban Fantasy",
50375,Black Paradox,JP,2007,70.0,9908,0.47884924115158267,0.43180704108409146,0.41798253386576995,"Body Horror, Seinen, Afterlife, Tragedy, Ensemble Cast",
160750,Demon King of the Royal Class,KR,2023,71.0,11320,0.4788071504216747,0.3081908138416318,0.4959035900830791,"Full Color, Isekai, Heterosexual, Male Protagonist, School",
45306,Takemitsu Zamurai,JP,2006,83.0,8140,0.4785717763585984,0.28060459796122383,0.3443862079002641,"Seinen, Male Protagonist, Swordplay, Samurai, Historical",
113801,Sakurai-san Wants to Be Noticed,JP,2019,72.0,12750,0.4784017215181484,0.07200363407976124,0.21741838104628436,"Heterosexual, Female Protagonist, Male Protagonist, School, Shounen",
41327,One Outs,JP,1998,83.0,11978,0.47839432735780146,0.2778311148241744,0.2272363595202364,"Seinen, Baseball, Gambling, Anti-Hero, Primarily Adult Cast",
119821,S-Rank Boukensha de Aru Ore no Musumetachi wa Juudo no Father-con Deshita,JP,2020,68.0,6274,0.4781903541078406,0.2490376418608225,0.4605818970423434,"Female Harem, Male Protagonist, Magic, Swordplay, Shounen",
107978,I Time-Traveled and Confessed to My Teacher Crush,JP,2019,64.0,11222,0.47813148999446864,0.18810426424482685,0.19159229013484236,"Age Regression, Age Gap, Seinen, Heterosexual, Male Protagonist",
107611,The Reformation of the World as Overseen by a Realist Demon King,JP,2019,68.0,9167,0.47695170140447835,0.41989068183198963,0.4992767105424881,"Maids, Seinen, Isekai, Demons, Reincarnation",
99776,A Wild Last Boss Appeared!,JP,2017,72.0,8868,0.4768917612522869,0.31318784169649766,0.5024721849926082,"Magic, Memory Manipulation, Isekai, Gods, Demons",
122069,"Even Given the Worthless 'Blacksmith' Class, I'm Still the Strongest",JP,2020,63.0,7521,0.4768609345322993,0.23772568228890653,0.5224225084664815,"Male Protagonist, Magic, Female Harem, Shounen",
85915,Fudatsuki no Kyouko-chan,JP,2013,68.0,6019,0.4768410830949465,0.059852585022137895,0.24284612569442998,"School, Vampire, Heterosexual, Delinquents, Shounen",
113350,Pirouette into My Heart,CN,2019,81.0,6638,0.4764332941351478,0.11512157833017435,0.18085567779799105,"Boys' Love, Dancing, Full Color, Boxing, Coming of Age",
125528,Rosen Garten Saga,JP,2020,75.0,12500,0.47597237312528196,0.39608193683590476,0.46707526657461174,"Nudity, Seinen, Rape, Female Protagonist, Sadism",
133708,The Lord of Coins,KR,2021,70.0,14550,0.4758586975121827,0.3033870526174928,0.5014238984718399,"Reincarnation, Age Regression, Economics, Male Protagonist, Martial Arts",
42569,not simple,JP,2004,75.0,6012,0.4756086441700589,0.3589719878832017,0.28008840817619624,"Tragedy, Coming of Age, Achronological Order, Seinen, Foreign",
129758,The Villainess is a Marionette,KR,2021,73.0,15753,0.47544875848818724,0.17571060229398172,0.2562032820753592,"Female Protagonist, Full Color, Villainess, Isekai, Reincarnation",
167649,The Academy's Genius Swordsman,KR,2023,73.0,26539,0.47541206855806517,0.32932970530684225,0.4934114958016567,"Swordplay, Male Protagonist, Age Regression, Full Color, Magic",
58393,Sakamichi no Apollon,JP,2007,82.0,9672,0.4753249403676058,0.16598879750795856,0.19177609629678558,"Band, Josei, Historical, Heterosexual, Coming of Age",
139841,Batsuichi de Nakimushi na Otonari-san,JP,2021,72.0,10408,0.47530231374697146,0.16875398229901134,0.18148626098305332,"Female Protagonist, Heterosexual, Primarily Adult Cast, Urban, Denpa",
105641,The Girl I Like Forgot Her Glasses,JP,2018,79.0,24915,0.4752299671634009,0.1294782540056199,0.23145818201288743,"Heterosexual, Iyashikei, School, Disability, Shounen",
86648,Devils' Line,JP,2013,73.0,9270,0.4751587486889856,0.3304469631387942,0.4001540144224468,"Police, Vampire, Conspiracy, Espionage, Primarily Adult Cast",
110989,Failure Frame: I Became the Strongest and Annihilated Everything With Low-Level Spells,JP,2019,66.0,17147,0.4750391629611239,0.4091718379685354,0.5312400798139952,"Isekai, Revenge, Elf, Magic, Male Protagonist",
117620,The Summer You Were There,JP,2020,87.0,23023,0.47490569523675114,0.23799193401505267,0.19720843566097598,"Yuri, Tragedy, Writing, Female Protagonist, Disability",
166154,The Player Hides His Past,KR,2023,75.0,14557,0.4747252102058186,0.30609168339788784,0.4921722067212525,"Magic, Male Protagonist, Dissociative Identities, Demons, Full Color",
104763,Nande Ikiteru ka Wakaranai Hito: Izumi Sumi 25-sai,JP,2018,76.0,6576,0.4743811494838299,0.2991047205782137,0.23169117149933996,"Rehabilitation, Seinen, Female Protagonist, Work, Philosophy",
97999,Dungeon Seeker,JP,2016,62.0,10514,0.4743212591255674,0.39387148114773995,0.5800268657368114,"Dungeon, Male Protagonist, Revenge, Isekai, Shounen",
118644,Time Paradox Ghostwriter,JP,2020,60.0,7767,0.4743063643724671,0.1106690109887569,0.2912602942668464,"Time Manipulation, Male Protagonist, Drawing, Shounen, Otaku Culture",
162941,Dungeon ni Hisomu Yandere na Kanojo ni Ore wa Nandomo Korosareru,JP,2023,67.0,8490,0.47378905793007403,0.3113151880385911,0.494505035244142,"Yandere, Dungeon, Male Protagonist, Time Manipulation, Revenge",
30447,Ore Tama: Ore ga Chikyuu wo Sukutte!?,JP,2006,68.0,7206,0.4735938022707601,0.2511949693701054,0.3289748454487814,"Demons, Seinen, Primarily Adult Cast, Male Protagonist, Urban Fantasy",
103738,"Isekai de Kojiin wo Hiraita kedo, Naze ka Darehitori Sudatou to Shinai Ken",JP,2018,60.0,5999,0.4733997817028362,0.2249994488352392,0.25890155312547675,"Male Protagonist, Isekai, Female Harem, Seinen, Kemonomimi",
158459,Let’s Take a Walk in Another World,JP,2022,66.0,5898,0.4733658102615421,0.23268543362424748,0.4248521829124216,"Male Protagonist, Isekai, Travel, Shounen, Slavery",
104277,RaW Hero,JP,2018,60.0,9800,0.4733456827931246,0.14859683466770698,0.18985188822894972,"Gender Bending, Male Protagonist, Crossdressing, Nudity, Espionage",
170400,The Stellar Swordmaster,KR,2023,82.0,26991,0.47311528625461047,0.4115533684866962,0.5899496184340829,"Swordplay, Politics, Male Protagonist, Coming of Age, Revenge",
144079,Demon Devourer,KR,2021,73.0,16860,0.47296456024051986,0.4169095684671006,0.591077608699319,"Demons, Magic, Male Protagonist, Revenge, Full Color",MOD_POS
67109,Prophecy,JP,2011,71.0,7162,0.47276725586125445,0.2890009264108629,0.2853475885441247,"Anti-Hero, Police, Seinen, Terrorism, Software Development",
147329,Marriage Toxin,JP,2022,74.0,18234,0.47230756621152903,0.21742228995769192,0.4168140970650044,"Assassins, Marriage, Male Protagonist, Primarily Adult Cast, Urban",
146715,The Slumbering Ranker,KR,2022,70.0,9543,0.47224839617718195,0.2726850119750479,0.5056951724282961,"Virtual World, Video Games, Dissociative Identities, Artificial Intelligence, Full Color",
85802,Domestic Girlfriend,JP,2014,68.0,42061,0.47223718671074694,0.189502209650583,0.28325530481908856,"Inseki, Love Triangle, Coming of Age, Tragedy, Cohabitation",
102490,Kaguya-sama: Love is War - Doujin Edition,JP,2018,68.0,8446,0.4721112345803463,0.13632465021287835,0.13265432254978002,"School, Parody, School Club, Heterosexual, Tsundere",
60779,Tetsugaku Letra,JP,2011,77.0,7028,0.471877732537235,0.13292345135294742,0.2453360095828765,"Coming of Age, Dancing, School, Shounen, Male Protagonist",
143079,Touch Within the Abyss,JP,2021,83.0,6736,0.47180429539543417,0.27430747189633387,0.2572061700106323,"Boys' Love, Disability, Primarily Adult Cast, LGBTQ+ Themes, Primarily Male Cast",
163536,The Devil Never Cries,CN,2023,71.0,8096,0.4717042989183214,0.28556019705117824,0.4661302548331428,"Demons, Full Color, Male Protagonist, Reincarnation, Boys' Love",
43702,My Little Monster,JP,2008,78.0,30393,0.4715347677423296,0.056694481848631906,0.07546778050690342,"School, Shoujo, Love Triangle, Delinquents, Coming of Age",
151058,"In-Cha no Boku ni Batsu Game ni Kokuhaku Shitekita Hazu no Gal ga, Doumitemo Boku ni Betahore desu",JP,2022,68.0,7856,0.47138625777942694,0.08114538756033128,0.24340965574843443,"Male Protagonist, Shounen, School, Heterosexual, Gyaru",
101561,Rental Onii-chan,JP,2017,75.0,6824,0.47124141454576524,0.23132901206398232,0.3086370326380652,"Tragedy, Hikikomori, Family Life, Female Protagonist, Rehabilitation",
57989,Maga-tsuki,JP,2011,70.0,7749,0.47123687209157006,0.009000329279661457,0.14683012077097005,"Female Harem, Shounen, School, Primarily Female Cast, Gender Bending",
86284,Queen's Quality,JP,2015,79.0,6137,0.4710976693138843,0.2038533308768069,0.28314498163671664,"Shoujo, Amnesia, Female Protagonist, Dissociative Identities, Urban Fantasy",
38204,Hikari no Machi,JP,2004,71.0,8294,0.4708644288943567,0.26556984059803995,0.27730037517026185,"Seinen, Tragedy, Urban, Philosophy, Suicide",
142021,Ryoushin no Shakkin wo Katagawari Shite Morau Jouken wa Nihonichi Kawaii Joshikousei to Issho ni Kurasu Koto deshita.,JP,2022,69.0,9174,0.4702840428979842,0.08013322834122974,0.1423784970282403,"Male Protagonist, School, Heterosexual, Arranged Marriage",
150131,What Do You Call This Trash?,JP,2022,61.0,5841,0.47022358025783845,0.2736828854324136,0.2569077864933279,"Yandere, Heterosexual, Primarily Teen Cast, Male Protagonist, Suicide",
30932,Ichi the Killer,JP,1998,73.0,12414,0.47021850579809477,0.4292304939545294,0.46421923961026623,"Yakuza, Gore, Body Horror, Crime, Sadism",
86082,Delicious in Dungeon,JP,2014,88.0,53166,0.47018717784640146,0.4840176251256073,0.45606165378907815,"Dungeon, Food, Environmental, Magic, Ensemble Cast",
120537,SCHOOL ZONE GIRLS,JP,2018,77.0,6128,0.46978639817843615,0.061782286119088814,0.07792453909221014,"School, Primarily Female Cast, Ensemble Cast, LGBTQ+ Themes, Yuri",
31224,March Comes in Like a Lion,JP,2007,87.0,33457,0.4696466108086073,0.3698433095399093,0.3139009703840736,"Coming of Age, Family Life, Philosophy, Rehabilitation, Seinen",
138363,The Male Lead's Little Lion Daughter,KR,2021,80.0,14795,0.46946256140367704,0.18384391443448916,0.2458570828582013,"Female Protagonist, Family Life, Reincarnation, Full Color, Adoption",
101468,Reincarnated as a Dragon Hatchling,JP,2017,68.0,8250,0.46932474599796553,0.35058750058637367,0.40568074843751833,"Dragons, Reincarnation, Male Protagonist, Seinen, Shapeshifting",
110175,JK Haru is a Sex Worker in Another World,JP,2019,67.0,7362,0.46925707317936927,0.2799511901416563,0.2647619461844268,"Josei, Female Protagonist, Prostitution, Isekai, Tragedy",
124676,"You Like Me, Not My Daughter?!",JP,2020,68.0,12305,0.46919213280240085,0.2179968027382987,0.2042662816153326,"MILF, Heterosexual, Age Gap, Large Breasts, Adoption",
85404,Shishunki Bitter Change,JP,2012,75.0,6942,0.4690757852281764,0.16347525581194125,0.12830071334447907,"Body Swapping, Coming of Age, Gender Bending, School, Love Triangle",
131772,Saving My Sweetheart,KR,2021,75.0,8938,0.4689679164813145,0.24014440286780958,0.34510201055262435,"Time Manipulation, Magic, Heterosexual, Female Protagonist, Full Color",
30214,Mobile Suit Gundam: The Origin,JP,2001,83.0,7481,0.4687873318053375,0.28727537970477746,0.4330712430106081,"Military, War, Space Opera, Space, Real Robot",
137280,I’m the Max-Level Newbie,KR,2021,77.0,47281,0.46866252868139263,0.3574237089538237,0.5420783879364863,"Full Color, Male Protagonist, Dungeon, Magic, Urban Fantasy",MOD_POS
123093,The Iceblade Sorcerer Shall Rule the World,JP,2020,65.0,5984,0.46859917040583804,0.28621176176493696,0.4932102177152689,"Male Protagonist, Magic, School, Female Harem, Shounen",
109398,Your Letter,KR,2018,81.0,10295,0.4685400570179596,0.18830565620226794,0.27539723881233225,"Female Protagonist, Full Color, School, Bullying, Achronological Order",
159655,Kusunoki’s Flunking Her High School Glow-Up,JP,2022,68.0,9294,0.46853161188867504,0.11938621838605584,0.145692963249275,"Heterosexual, School, Primarily Teen Cast, Male Protagonist, Rehabilitation",
120288,"Spare Me, Great Lord!",CN,2019,70.0,6180,0.46819173837279143,0.3575967979857719,0.5502831434152192,"Swordplay, Cultivation, Full Color, Coming of Age, Conspiracy",
155485,Dungeon Odyssey,KR,2022,79.0,18274,0.4681916212203489,0.45764271478412455,0.5529914974274777,"Dungeon, Magic, Survival, Politics, Kingdom Management",
163824,Revenge of the Baskerville Bloodhound,KR,2023,80.0,40946,0.46797675566489194,0.3706621580801208,0.5290709888342131,"Age Regression, Male Protagonist, Full Color, Revenge, Long Strip",
98370,Sasaki and Miyano,JP,2016,83.0,19725,0.46785334637699016,0.05890743571763868,0.11641281260166977,"Boys' Love, Male Protagonist, LGBTQ+ Themes, School, Primarily Male Cast",
132359,Not-Sew-Wicked Stepmom,KR,2021,74.0,11231,0.46772696972089295,0.15153457664387185,0.19666644649698806,"Family Life, Female Protagonist, Isekai, Reincarnation, Parenthood",
30793,Wanted! Eiichiro Oda Before One Piece ,JP,1998,70.0,6182,0.46769557691745334,0.1612216294736216,0.382784992134093,"Pirates, Shounen, Dragons, Ghost, Swordplay",
38300,Baby Steps,JP,2007,79.0,8056,0.46760288010563894,0.060610552214457436,0.22606082622753923,"Shounen, Tennis, Male Protagonist, School, Primarily Male Cast",
98564,Devil-Chi,JP,2016,62.0,5833,0.46748782419468643,0.09260326358851174,0.2327660164375075,"Demons, Heterosexual, Angels, School, Female Harem",
86300,Tomo-chan is a Girl!,JP,2015,77.0,45412,0.46734178590706715,0.0543911214317914,0.1374649232736216,"Tomboy, 4-koma, Female Protagonist, Heterosexual, School",
98671,Will It Be the World or Her?,JP,2017,69.0,7042,0.46722014329941236,0.19061496062135697,0.3972720187476072,"Love Triangle, Female Harem, Tragedy, School, Male Protagonist",
98822,Record of Wortenia War,JP,2016,68.0,7287,0.46697981765274615,0.32409293036507403,0.6207096860521172,"Isekai, Female Harem, Male Protagonist, War, Swordplay",
98842,Toilet-Bound Hanako-kun,JP,2014,85.0,70217,0.46696727344336864,0.27984726467401827,0.5111951949244977,"Youkai, Mythology, Ghost, Urban Fantasy, School",
153880,The Art of Reincarnation,KR,2022,72.0,18976,0.46651661730276683,0.3569669949717711,0.576736808862607,"Full Color, Male Protagonist, Reincarnation, Swordplay, Revenge",
86640,GOSU,KR,2015,78.0,13488,0.466376873946112,0.18793415560052304,0.45418932894316216,"Martial Arts, Revenge, Primarily Male Cast, Full Color, Wuxia",
31045,Knights of the Zodiac,JP,1985,70.0,6630,0.4663087226338185,0.27647346314933674,0.4588567270827558,"Shounen, Foreign, Gods, Cultivation, Mythology",
97713,Until Your Bones Rot,JP,2016,68.0,7154,0.46597961141839966,0.23627039836791092,0.2897103502204441,"Gore, Love Triangle, Revenge, Shounen, Nudity",
132332,Hakanai Kimi wa Moukou wo Hajimeru,JP,2021,76.0,6071,0.46561261585961994,0.042715845739229354,0.037352518608658666,"Heterosexual, Cohabitation, Age Gap, Female Protagonist",
87534,Prison Lab,JP,2016,58.0,9337,0.4653817117751006,0.3908684846054287,0.33864747010623414,"Bullying, Revenge, Male Protagonist, Seinen, Torture",
118437,I Became the Villain's Mother,KR,2020,65.0,7538,0.46530758005121914,0.08711626834207456,0.17192440680701865,"Full Color, Family Life, Female Protagonist, Isekai, Reincarnation",
97925,The Reincarnated Evil Dragon,JP,2016,58.0,6846,0.4651093943326316,0.3175341732968695,0.45841242351065614,"Dragons, Isekai, Reincarnation, Slavery, Elf",
86099,Wind Breaker,KR,2013,84.0,41225,0.4649932866300193,0.21486341619787513,0.34945543900642,"Cycling, Coming of Age, School, Full Color, Kuudere",
85653,Red Storm,KR,2012,74.0,6202,0.46498022681930806,0.4353341335375841,0.5558842481549924,"Cultivation, Male Protagonist, Military, Politics, Primarily Adult Cast",
125816,Taming Master,KR,2020,70.0,12057,0.46497885533360267,0.2751938749430107,0.5068714093150585,"Creature Taming, Video Games, Virtual World, Full Color, Male Protagonist",MOD_POS
111748,My Kingdom,KR,2018,74.0,7788,0.4649398682423142,0.2863960908183303,0.3449660539266727,"Revenge, Nudity, Full Color, Male Protagonist, Female Harem",
144006,My Reason To Die,KR,2021,77.0,8412,0.46493914525759383,0.19952817985406077,0.2806605942800152,"Time Skip, Heterosexual, Time Manipulation, Gangs, Full Color",
99602,The Magic in this Other World is Too Far Behind!,JP,2016,65.0,8207,0.46487294988538297,0.259367169090346,0.513784551344157,"Isekai, Male Protagonist, Magic, Shounen",
85161,Is it Wrong to Try to Pick Up Girls in a Dungeon?,JP,2013,72.0,11414,0.46485329332100966,0.28439512751517987,0.48311955924090294,"Dungeon, Shounen, Female Harem, Mythology, Swordplay",
106654,Samurai 8: The Tale of Hachimaru,JP,2019,53.0,7034,0.464561143464695,0.15374264901611023,0.425040534912564,"Samurai, Shounen, Male Protagonist, Artificial Intelligence, Space",
127008,7th Time Loop: The Villainess Enjoys a Carefree Life Married to Her Worst Enemy!,JP,2020,77.0,7267,0.4645453037594097,0.08294544075236825,0.13047779217423983,"Shoujo, Reincarnation, Time Manipulation, Villainess, Time Loop",
175946,"Myst, Might, Mayhem",KR,2024,83.0,16695,0.4645449307975221,0.3282665756039492,0.5309175624898705,"Anti-Hero, Full Color, Male Protagonist, Demons, Wuxia",
97493,Oroka na Tenshi wa Akuma to Odoru,JP,2016,73.0,12078,0.46453690498332745,0.2107726403942886,0.2712680178226752,"Demons, School, Angels, Seinen, Heterosexual",
44127,Satougashi no Dangan wa Uchinukenai: A Lollypop or A Bullet,JP,2007,75.0,6594,0.4643545868456411,0.18615550456610666,0.2641646825090983,"Tragedy, Female Protagonist, School, Primarily Child Cast, Bullying",
30909,Gyo,JP,2001,68.0,25138,0.4636628387340829,0.44462076305076154,0.4320627029473795,"Seinen, Body Horror, Tragedy, Animals, Gore",
85639,Killing Bites,JP,2013,64.0,6534,0.463661742947993,0.3560249265245693,0.4025254245460541,"Kemonomimi, Gore, Monster Girl, Heterosexual, Female Protagonist",
112956,"I Got Caught Up In a Hero Summons, but the Other World was at Peace!",JP,2018,74.0,9806,0.46345663458217784,0.26353090002565105,0.2687213396397675,"Isekai, Seinen, Magic, Female Harem, Demons",
75757,Food Wars!: Shokugeki no Soma,JP,2012,74.0,47056,0.4634381499331364,0.15049395103747587,0.2759717703773579,"Food, School, Male Protagonist, Shounen, Large Breasts",
87510,Sleepy Princess in the Demon Castle,JP,2016,78.0,10980,0.4633379767150634,0.2150227357521281,0.2832293682949269,"Female Protagonist, Slapstick, Ojou-sama, Episodic, Ensemble Cast",
30073,Tenjo Tenge,JP,1997,67.0,7695,0.46316399505540407,0.26587619440157795,0.3518335227766093,"Martial Arts, School, Delinquents, Seinen, School Club",
30085,Azumanga Daioh,JP,1999,82.0,18343,0.4627281318835969,0.06855991772578723,0.151009902032854,"School, 4-koma, Ensemble Cast, Primarily Female Cast, Cute Girls Doing Cute Things",
33299,Spice & Wolf,JP,2007,83.0,13482,0.4625687008474158,0.34156378718430835,0.37578274471298123,"Economics, Seinen, Gods, Medieval, Animals",
105125,Arakure Ojousama wa Monmon Shiteiru,JP,2018,68.0,8349,0.46252386170786464,0.1360629830039743,0.1232935667137692,"Ojou-sama, Seinen, Tsundere, Kuudere, Primarily Teen Cast",
106144,My Isekai Life: I Gained a Second Character Class and Became the Strongest Sage in the World!,JP,2018,65.0,10723,0.4622646708540448,0.26398778232617487,0.5318821676196229,"Shounen, Isekai, Cult, Male Protagonist, Dragons",
138222,Level Up with the Gods,KR,2021,78.0,27397,0.46221518856787025,0.3319428690836106,0.4791270934382482,"Gods, Full Color, Male Protagonist, Mythology, Time Manipulation",
119121,Ichizu Bitch-chan,JP,2019,72.0,9481,0.4616682189003426,0.10514740465347985,0.24023184525237878,"School, Female Protagonist, Shounen, Male Protagonist, 4-koma",
78347,Welcome to the Ballroom,JP,2011,82.0,15753,0.4611734513810873,0.20096220797129896,0.305422053611332,"Dancing, Coming of Age, Male Protagonist, Heterosexual, Shounen",
102961,Kaiju Girl Caramelise,JP,2018,74.0,7473,0.46114734890122705,0.15423560142537393,0.18335273937157004,"Kaiju, Monster Girl, Female Protagonist, Seinen, Henshin",
119247,Uma Musume: Cinderella Gray,JP,2020,89.0,6872,0.46073543126986877,0.15958138199191083,0.14301498349952427,"Athletics, Female Protagonist, Primarily Female Cast, Kemonomimi, Anthropomorphism",
86549,"Go For It, Nakamura!",JP,2014,76.0,19494,0.46064910146632865,0.09537497293313608,0.1467059410107002,"Boys' Love, LGBTQ+ Themes, Male Protagonist, School, Unrequited Love",
111108,A Tender Heart: The Story of How I Became a Duke's Maid,KR,2019,66.0,8070,0.4605351960711026,0.16207058517673512,0.21571519360108293,"Female Protagonist, Reincarnation, Isekai, Love Triangle, Maids",
115387,Villainess in Love,KR,2019,76.0,10277,0.46040630282639367,0.2388631656152398,0.2979630787433936,"Full Color, Heterosexual, Primarily Adult Cast, Long Strip, Reincarnation",
106474,What I Love About You,JP,2018,72.0,16501,0.4596858483850069,0.09803841356659498,0.23652940830444424,"Primarily Adult Cast, Female Protagonist, Male Protagonist, 4-koma, Shounen",
96798,Classroom of the Elite,JP,2016,70.0,12286,0.4595600747775228,0.28472571740280667,0.2632710841531491,"School, Anti-Hero, Battle Royale, Seinen, Boarding School",
35655,Children of the Sea,JP,2005,79.0,9909,0.45909508810417554,0.3638794803514163,0.36205328782832674,"Philosophy, Mythology, Environmental, Seinen, Swimming",
79967,Okusama ga Seito Kaichou!,JP,2011,66.0,6838,0.4586650811294018,0.06770290818980437,0.21144754240813185,"Nudity, Shounen, Female Harem, School, Male Protagonist",
122337,The Angel Next Door Spoils Me Rotten,JP,2022,79.0,14018,0.4585297672412506,0.07255807340264024,0.20926284898385272,"Male Protagonist, Cute Girls Doing Cute Things, Heterosexual, Iyashikei, Shounen",
112304,Nega-kun to Poji-chan,JP,2019,66.0,7995,0.45836738313520864,0.00961213204396942,0.13411822906126308,"School, Shounen, Heterosexual, Primarily Teen Cast, Episodic",
31363,Sweet Blue Flowers,JP,2004,74.0,7806,0.45830848254451256,0.12055567057978767,0.10883622505658827,"LGBTQ+ Themes, Yuri, Coming of Age, Primarily Female Cast, School",
107098,Record of Ragnarok,JP,2017,77.0,66653,0.45821190703225656,0.39170889887083926,0.5183393993466157,"Gods, Mythology, Death Game, Survival, Historical",
91203,Out,JP,2012,78.0,12692,0.4581421645584168,0.30279839025698035,0.38901064249611955,"Delinquents, Seinen, Gangs, Autobiographical, Gore",
159212,"Tsuihou Sareru Tabi ni Skill wo te ni Ireta Ore ga, 100 no Isekai de 2-shuume Musou",JP,2022,81.0,11108,0.4579077020742143,0.37355609407530305,0.5102394103318183,"Alternate Universe, Isekai, Male Protagonist, Time Manipulation, Tragedy",
154782,Helmut,KR,2022,73.0,13933,0.4577413002965609,0.3248945930371362,0.5408338217675169,"Full Color, Swordplay, Anti-Hero, Magic, Male Protagonist",
109310,"'Tis Time for ""Torture,"" Princess",JP,2019,70.0,7606,0.4575200209300262,0.12213790586916115,0.2080145649975181,"Female Protagonist, Demons, Episodic, Food, Monster Girl",
150890,Jimoto ni Kaettekitara Osananajimi ga Kowareteta,JP,2022,72.0,7273,0.4573980510145653,0.2756498549676558,0.2118220229111536,"Rehabilitation, Full Color, Heterosexual, Primarily Adult Cast, Large Breasts",
68071,Spirit Circle,JP,2012,83.0,19567,0.45734049246188596,0.3164419577550548,0.47725430780851535,"Reincarnation, Philosophy, Revenge, Seinen, Alternate Universe",
114917,The Maid I Hired Recently is Mysterious,JP,2020,66.0,10556,0.4572304487692823,0.07149617417779944,0.19902733691880742,"Maids, Male Protagonist, Age Gap, Tanned Skin, Heterosexual",
52986,Ran and the Gray World,JP,2008,75.0,12476,0.4569292661755325,0.3073885102085441,0.34588215898869096,"Seinen, Coming of Age, Shapeshifting, Witch, Female Protagonist",
143025,Duke Pendragon: Master of the White Dragon,JP,2021,73.0,13721,0.4568895066646165,0.3272114471857108,0.4683233715996433,"Revenge, Reincarnation, Dragons, Male Protagonist, Time Manipulation",
56479,prism,JP,2010,71.0,5908,0.4567021701206677,0.13075884240532798,0.1141375837901477,"Yuri, LGBTQ+ Themes, Female Protagonist, Coming of Age, Primarily Female Cast",
39296,Seven Days,JP,2007,76.0,12508,0.45665869996294356,0.05909455121429008,0.088184630459928,"Boys' Love, School, Bisexual, LGBTQ+ Themes, Archery",
176854,Akumade Amai Watashi no Kanojo,JP,2024,78.0,6128,0.45663372940976926,0.10727586662197158,0.17078884836305752,"Yuri, Succubus, Monster Girl, Food, Female Protagonist",
107658,Dear Door,KR,2018,76.0,6240,0.45660711205483107,0.1869553183654707,0.2740393444136354,"Demons, Boys' Love, Full Color, Primarily Male Cast, LGBTQ+ Themes",
55096,Silver Spoon,JP,2011,82.0,15080,0.4565099284336775,0.13799202426097845,0.24452316614799702,"Rural, School, Coming of Age, Agriculture, Animals",
44440,I Am a Hero,JP,2009,74.0,41102,0.45648557992975636,0.42237552642044274,0.4561782893504569,"Seinen, Survival, Zombie, Post-Apocalyptic, Male Protagonist",
108066,Baki Dou (2018),JP,2018,71.0,5846,0.4563330740993874,0.1915065708649552,0.4366665418898657,"Martial Arts, Shounen, Sumo, Primarily Male Cast, Male Protagonist",
37760,Hanma Baki,JP,2005,81.0,10945,0.4562409324482472,0.21741215273613096,0.40083607580068464,"Martial Arts, Shounen, Gore, Boxing, Cultivation",
127084,I Married the Male Lead's Dad,KR,2020,75.0,9775,0.4560235656618138,0.3001420461705674,0.3227888112982376,"Isekai, Magic, Tragedy, Found Family, Full Color",
85555,Ten Count,JP,2013,73.0,12391,0.455987166481515,0.2835163924450836,0.21646658741192565,"Boys' Love, Male Protagonist, Sadism, Rape, Primarily Adult Cast",
30649,GUNSLINGER GIRL,JP,2002,79.0,8526,0.4559271331457577,0.33891608933436274,0.39493230337255564,"Tragedy, Foreign, Ensemble Cast, Terrorism, Politics",
134141,"Oversummoned, Overpowered, and Over It!",JP,2020,67.0,8062,0.4558353796617575,0.4616687874626232,0.5592610536264659,"Isekai, Seinen, Anti-Hero, Male Protagonist, Magic",
133797,Secret Lady,KR,2021,78.0,10533,0.4558250815494054,0.25154358846587127,0.2951580116860473,"Ghost, Female Protagonist, Amnesia, Acting, Memory Manipulation",
85235,School-Live!,JP,2012,78.0,20973,0.455822515121005,0.27543523416202476,0.3002082342966099,"Post-Apocalyptic, Coming of Age, Survival, Tragedy, Zombie",
44236,LOVE SO LIFE,JP,2008,80.0,11025,0.4557158686872148,0.01762935224431184,0.023969641361655802,"Family Life, Shoujo, Age Gap, Female Protagonist, Iyashikei",
117320,The Beloved Little Princess,KR,2020,70.0,7905,0.45542106672630395,0.12136216846074603,0.1976346474550548,"Female Protagonist, Reincarnation, Magic, Royal Affairs, Long Strip",
122739,A Kiss with a Cat,JP,2020,73.0,5896,0.4554074006064012,0.030959440536721523,0.12972392793689852,"Female Protagonist, Shoujo, Heterosexual, Shapeshifting, Animals",
123463,"The Most Notorious ""Talker"" Runs the World's Greatest Clan",JP,2020,74.0,8180,0.45526739596913623,0.4784884336875662,0.5829247045647912,"Male Protagonist, Magic, Seinen, Anti-Hero, Swordplay",
154159,The Broken Ring: This Marriage Will Fail Anyway,CN,2022,79.0,9998,0.4552253508530091,0.3263328102887611,0.3690957798913697,"Reincarnation, Female Protagonist, Long Strip, Primarily Adult Cast, Tragedy",
142287,I Am The Fated Villain,CN,2021,77.0,14432,0.45498594531272807,0.31086510355502645,0.5107854237120865,"Cultivation, Anti-Hero, Martial Arts, Female Harem, Wuxia",
66903,Emanon Wanderer,JP,2012,77.0,11397,0.45493518189471377,0.29791261049392304,0.344242012117562,"Female Protagonist, Seinen, Philosophy, Amnesia, Memory Manipulation",
124522,Like Wind on a Dry Branch,KR,2020,75.0,6933,0.4548439863385045,0.3743174439350669,0.3677053189384451,"Heterosexual, Female Protagonist, Demons, Religion, Tragedy",
107966,My Wife is the Demon Queen,CN,2019,71.0,15161,0.454696486832483,0.3967303480399853,0.5429944017735515,"Full Color, Demons, Magic, Isekai, Swordplay",
103308,Summoned to Another World... Again?!,JP,2018,58.0,8873,0.4546421978358649,0.28646672884555985,0.3784239377695106,"Female Harem, Magic, Male Protagonist, Isekai, Seinen",
42917,Shaman King,JP,2008,77.0,6721,0.45455336398263413,0.18009744592374968,0.511100102144416,"Twins, Male Protagonist, Primarily Male Cast, Shounen, Ghost",
124382,HIRAETH -The End of the Journey-,JP,2020,78.0,6870,0.4541373244980098,0.3116386965097481,0.34663655028554047,"Suicide, Afterlife, Found Family, Travel, Tragedy",
172729,They Are Still Being Shaken This Morning,JP,2024,80.0,10698,0.4540799134816196,0.10305995422618229,0.251671961584703,"Trains, Heterosexual, Shounen, Male Protagonist, Female Protagonist",
118593,Reverse Villain,KR,2020,67.0,10863,0.45398985307733164,0.25137691717464206,0.4967798258588148,"Full Color, Reincarnation, Martial Arts, Anti-Hero, Female Harem",
74929,Scum's Wish,JP,2012,70.0,24523,0.45335834403964453,0.28630933201331116,0.20607154990527443,"Heterosexual, Seinen, Coming of Age, Female Protagonist, Ensemble Cast",
119143,Gourmet Gaming,KR,2020,70.0,9855,0.4532455261141894,0.18138167688727605,0.40195026484949925,"Virtual World, Food, Full Color, Male Protagonist, Video Games",
149544,The Guy She Was Interested In Wasn't a Guy at All,JP,2022,82.0,47401,0.4529638104721329,0.06208903975169358,0.05163892657799765,"Female Protagonist, Yuri, LGBTQ+ Themes, Rock Music, Tomboy",
107281,Close as Neighbors,KR,2018,72.0,8209,0.4526057251971968,0.18801968653327933,0.22349683939763465,"Nudity, Female Harem, Full Color, Male Protagonist, Primarily Female Cast",
86969,Master Magic Efficiently,JP,2015,63.0,5886,0.4525688189843398,0.28555037131398664,0.47168843439886965,"Magic, Male Protagonist, Age Regression, Female Harem, Time Manipulation",
112326,Promise of an Orchid,KR,2019,74.0,8055,0.45255263381085314,0.33469392769355155,0.5926506989485982,"Male Protagonist, Demons, Amnesia, Full Color, Heterosexual",
174315,Ane no Tomodachi ,JP,2024,74.0,9599,0.4520727166337983,0.17556655865811094,0.19983410646384392,"Heterosexual, Male Protagonist, Female Protagonist, Urban, Gyaru",
164996,F-Rank Fortune Hunter,KR,2023,66.0,6975,0.4520504111744057,0.28116229138392534,0.5279759765215247,"Video Games, Post-Apocalyptic, Full Color, Male Protagonist, Heterosexual",
30736,Blade of the Phantom Master,JP,2001,77.0,9028,0.4520428098091954,0.40193026318792724,0.5999369196384929,"Historical, Magic, Swordplay, Gore, Super Power",
107265,Soloist in a Cage,JP,2018,76.0,12411,0.4518825467021728,0.2846783305304899,0.45803324146478497,"Dystopian, Survival, Female Protagonist, Tragedy, Robots",
87056,Magical Sempai,JP,2016,62.0,6666,0.4517318759676752,0.1821559356325826,0.18874871818872402,"School, School Club, Magic, Female Protagonist, Male Protagonist",
137836,Becoming the Dark Hero's Daughter,KR,2021,73.0,6190,0.451459055921109,0.16720404664772326,0.20341816774754554,"Adoption, Reincarnation, Full Color, Magic, Heterosexual",
150508,Disciple of the Holy Sword,KR,2022,71.0,12283,0.4513061220391829,0.29688830248345177,0.5296953844993576,"Full Color, Male Protagonist, Swordplay, Heterosexual, Nekomimi",
71847,Soredemo Sekai wa Utsukushii,JP,2009,75.0,5815,0.4511157026488652,0.13511014115339517,0.19900644257244404,"Shoujo, Age Gap, Arranged Marriage, Royal Affairs, Female Protagonist",
150823,A Dance of Swords in the Night,KR,2022,71.0,7638,0.45100355149699384,0.35340882381091654,0.6159932836469334,"Swordplay, Full Color, Martial Arts, Male Protagonist, Anti-Hero",
163447,The Dragon Slayer Academy's Hotshot,KR,2023,67.0,5954,0.45098867947679827,0.3547612094877701,0.5496507343206806,"Age Regression, School, Martial Arts, Swordplay, Spearplay",
98334,Blue Flag,JP,2017,80.0,39831,0.4509660878439974,0.2229958822092119,0.30774223098056463,"Coming of Age, LGBTQ+ Themes, Love Triangle, Male Protagonist, Shounen",
156553,Versus,JP,2022,74.0,9702,0.4509084231554758,0.37706017236729894,0.5843312782799052,"Isekai, Alternate Universe, Demons, Survival, Male Protagonist",
108027,Hirano and Kagiura,JP,2019,83.0,7674,0.45069530990632894,0.05648984848929178,0.1063111425861206,"Boys' Love, LGBTQ+ Themes, Primarily Teen Cast, Shoujo, Aromantic",
110760,Onizuka-chan to Sawarida-kun,JP,2019,69.0,7057,0.45068373860502214,0.0858239185958626,0.13136444727210314,"Monster Girl, Male Protagonist, School, 4-koma",
85704,Do You Like Big Girls?,JP,2014,59.0,8127,0.4506772942420082,0.23084026424180532,0.20274978657508674,"Male Protagonist, Primarily Female Cast, Seinen, Nudity, Female Harem",
97626,How Heavy Are the Dumbbells You Lift?,JP,2016,71.0,9668,0.45015603080873656,0.021175055319140056,0.11110496921793117,"Fitness, Athletics, Female Protagonist, Primarily Female Cast, Educational",
86279,Boarding School Juliet,JP,2015,81.0,25989,0.4499176552091025,0.2340584149868148,0.40429652434421776,"School, Heterosexual, Gangs, Boarding School, Ensemble Cast",
99346,I Want to Hold Aono-kun so Badly I Could Die,JP,2016,78.0,6330,0.4496928510506025,0.2789953130832442,0.27893057694313067,"Female Protagonist, Ghost, Psychosexual, Reincarnation, Afterlife",
31218,Akagi: Yami ni Oritatta Tensai,JP,1991,83.0,6744,0.4496878290222512,0.4035091393492878,0.46210239173862966,"Gambling, Mahjong, Death Game, Male Protagonist, Philosophy",
104112,Catch These Hands!,JP,2018,72.0,7406,0.4496104840957775,0.1315641480813598,0.12285754534892593,"Delinquents, Primarily Female Cast, Female Protagonist, Yuri, Primarily Adult Cast",
141076,Murim RPG Simulation,KR,2021,74.0,11340,0.448661901796886,0.30581740988327755,0.5614062372803149,"Cultivation, Swordplay, Cult, Male Protagonist, Time Manipulation",STRONG_POS
185129,Drama Queen,JP,2024,61.0,8380,0.4484559903047452,0.10114147385788719,0.28968955054314993,"Aliens, Food, Crime, Conspiracy, Revenge",
167171,Being Raised by Villains,KR,2023,71.0,5982,0.4483269126257689,0.1585532162298679,0.22448551599709388,"Female Protagonist, Shapeshifting, Royal Affairs, Long Strip, Full Color",
87160,Amano Megumi wa Suki Darake!,JP,2015,65.0,9148,0.44818409098110423,0.08020199094329737,0.20481166926938515,"School, Shounen, School Club, Female Protagonist, Heterosexual",
87023,Yarichin Bitch Club,JP,2012,68.0,8059,0.44802395885715224,0.12158025458911945,0.11928021267798469,"Boys' Love, School Club, School, Primarily Male Cast, Love Triangle",
138070,JoJo’s Bizarre Adventure: Shining Diamond’s Demonic Heartbreak,JP,2021,74.0,6804,0.44792152662718565,0.2721841591644179,0.473228898514389,"Male Protagonist, Super Power, Guns, Urban Fantasy, Seinen",
180422,Akira Failing in Love,JP,2024,75.0,13340,0.4479127849636566,0.03397556146275036,0.1581590779367879,"Shounen, Heterosexual, School, Kuudere, Slapstick",
100207,The Great Jahy Will Not Be Defeated!,JP,2017,72.0,18524,0.44779865484941844,0.11303676446340219,0.282314186189333,"Female Protagonist, Demons, Magic, Slapstick, Primarily Female Cast",
101860,EDENS ZERO,JP,2018,70.0,19574,0.44744393937258226,0.27612756232564756,0.5236705929320659,"Space, Shounen, Ensemble Cast, Time Manipulation, Alternate Universe",
152104,Widaehan Gamunui Geomsul Cheonjaega Doeeotda,KR,2022,65.0,5826,0.44739308819603274,0.36019144626121047,0.578000997779449,"Revenge, Swordplay, Full Color, Age Regression, Male Protagonist",
54836,King's Game,JP,2011,57.0,9864,0.4472708696026638,0.28471236330390365,0.3249013032681508,"Death Game, Survival, School, Seinen, Gore",
98982,Murabito desu ga Nani ka?,JP,2017,62.0,7162,0.44701594751415347,0.22921465404805824,0.4187646677132353,"Male Protagonist, Isekai, Dragons, Shounen, Demons",
176790,Reincarnated Murim Lord,KR,2024,74.0,7127,0.4467970665765985,0.23832682628950586,0.49344641797604527,"Full Color, Male Protagonist, Swordplay, Wuxia, Martial Arts",
117324,Nan Hao Shang Feng,CN,2019,84.0,24288,0.4467714518711267,0.06645871666233245,0.17132017566478547,"Male Protagonist, Episodic, Full Color, Surreal Comedy, Meta",
165689,Skill Master Levels Up,KR,2023,71.0,6865,0.4464952268141255,0.3167054016315534,0.5107294432477296,"Reincarnation, Survival, Full Color, Dungeon, Gods",
31926,Mysterious Girlfriend X,JP,2004,75.0,14007,0.4464069543791796,0.18093645908803505,0.19651555428004008,"School, Psychosexual, Heterosexual, Kuudere, Primarily Teen Cast",
69291,Rainbow Days,JP,2011,77.0,12169,0.4463991493183167,0.11127454814435808,0.1540611404290113,"School, Ensemble Cast, Shoujo, Coming of Age, Male Protagonist",
137375,Book Eater,KR,2021,71.0,10575,0.4458778102020177,0.2774907331473081,0.5470391843069731,"Magic, Full Color, Male Protagonist, School, Necromancy",
35709,Lychee Light Club,JP,2005,66.0,9438,0.44563668710200227,0.3746257509249715,0.32718013760472986,"Tragedy, Ero Guro, Gore, Primarily Male Cast, Seinen",
48200,Classmates,JP,2007,83.0,10352,0.4455796427390888,0.1368027415441187,0.16974510120532466,"Boys' Love, LGBTQ+ Themes, Primarily Male Cast, School, Coming of Age",
115000,Unholy Blood,KR,2020,79.0,24732,0.445571801363821,0.2946872848745204,0.4711094422523332,"Vampire, Female Protagonist, Revenge, Crime, Full Color",
115037,"Sex & Dungeon!!: Wagaya no Chika ni, H Kaisuu = Level no Dungeon ga Shutsugen shita?!",JP,2020,60.0,8011,0.4455143212324779,0.41452440500814003,0.47257592774776,"Male Protagonist, Dungeon, Nudity, Rape, Female Harem",
86778,Cells at Work!,JP,2015,75.0,7807,0.44540799325858027,0.16003872240812794,0.3256698573533954,"Educational, Male Protagonist, Shounen, Ensemble Cast, Primarily Adult Cast",
131263,Revolutionary Princess Eve,KR,2021,75.0,9178,0.4453859080544852,0.3510722966074163,0.4049003006767103,"Female Protagonist, Age Regression, Slavery, Heterosexual, Primarily Adult Cast",
147863,Even the Student Council Has Its Holes!,JP,2022,74.0,7272,0.4453041631821346,0.09372027061091366,0.2081663216092277,"School Club, 4-koma, Primarily Female Cast, Slapstick, Male Protagonist",
143117,The Divine Twilight's Return,KR,2021,72.0,13841,0.4450492657011912,0.2765555258462885,0.45026061738548007,"Reincarnation, Age Regression, Male Protagonist, Full Color, Gods",
105791,"Higehiro: After Being Rejected, I Shaved and Took In a High School Runaway",JP,2018,69.0,24168,0.4450098438785374,0.19719622755568877,0.3030850251007202,"Male Protagonist, Age Gap, Love Triangle, Work, Urban",
98285,Machimaho: I Messed Up and Made the Wrong Person Into a Magical Girl!,JP,2016,69.0,7512,0.44461990987797195,0.23397048220075334,0.24276189802276826,"Surreal Comedy, Anti-Hero, Female Protagonist, Magic, Delinquents",
169135,Reborn as the Enemy Prince,KR,2023,70.0,7038,0.4443805176450018,0.2597559772019135,0.43832395803419916,"Royal Affairs, Reincarnation, Swordplay, Magic, Age Regression",
106531,My Happy Marriage,JP,2018,79.0,11549,0.44426326895531026,0.20275829462860884,0.2753830687868244,"Historical, Shoujo, Female Protagonist, Marriage, Heterosexual",
40443,Bakuon Rettou,JP,2002,82.0,9944,0.4437988571312332,0.34852601893214114,0.3589128888637102,"Gangs, Delinquents, Coming of Age, Motorcycles, Autobiographical",
105577,Giji Harem,JP,2018,77.0,25950,0.44360715488108077,0.06286524481785617,0.18160451326417415,"Acting, Heterosexual, School, Slapstick, Dissociative Identities",
120966,Nakyangmunsajeon,KR,2020,71.0,7012,0.44358863426542816,0.2870526972895393,0.5283578368704802,"Teacher, Male Protagonist, Philosophy, Primarily Adult Cast, Full Color",
57231,Daytime Shooting Star,JP,2011,78.0,22782,0.44358585056826716,0.0967203076853192,0.10946725068563508,"Shoujo, Love Triangle, School, Age Gap, Female Protagonist",
125658,The Viridescent Tiara,KR,2020,70.0,6894,0.4433369669016727,0.1487125745500946,0.18645154079872528,"Heterosexual, Royal Affairs, Female Protagonist, Isekai, Full Color",
143059,Leveling Beyond the Max,KR,2021,66.0,10833,0.44328457175136177,0.3414550106483118,0.5793737016537774,"Male Protagonist, Full Color, Dungeon, Magic, Martial Arts",
100114,Isekai Kenkokuki,JP,2017,66.0,9437,0.4432764009197735,0.23172094453657105,0.46929544839057824,"Isekai, Male Protagonist, Politics, Female Harem, Primarily Child Cast",
85567,Fujiyama-san wa Shishunki,JP,2012,74.0,10736,0.4432637840096142,0.19085008339881818,0.2058485838980866,"School, Seinen, Iyashikei, Coming of Age, Heterosexual",
111403,Hokkaido Gals Are Super Adorable!,JP,2019,71.0,24310,0.4431638984679483,0.11781565981070255,0.24640609696102653,"Gyaru, Coming of Age, Large Breasts, Snowscape, School",
135981,The Hunters Guild: Red Hood,JP,2021,62.0,11962,0.4428529736188005,0.25515007214178026,0.46861426980211474,"Werewolf, Shounen, Male Protagonist, Meta, Fairy Tale",
130837,Days with My Stepsister,JP,2021,71.0,8622,0.4426439808396218,0.14705631172651773,0.22713196394911123,"Family Life, Heterosexual, Inseki, Male Protagonist, Primarily Teen Cast",
118084,I Don't Know What My Sister's Friend Is Thinking,JP,2020,68.0,6125,0.4426354881786327,0.037318619150394625,0.17569584348461684,"Female Protagonist, Shounen, Male Protagonist, Heterosexual, Age Gap",
122344,The Magical Revolution of the Reincarnated Princess and the Genius Young Lady,JP,2020,79.0,11040,0.4425830849745536,0.3313340901163593,0.3582328252546733,"Magic, Female Protagonist, Yuri, Royal Affairs, Vampire",
139855,Tatsuki Fujimoto Before Chainsaw Man: 17-21,JP,2021,71.0,11363,0.4424522298031458,0.14638898451357127,0.27022348629971715,"Anthology, Gore, Surreal Comedy, School, Assassins",
43723,Knights of Sidonia,JP,2009,74.0,12514,0.4422911146880117,0.36402689731996435,0.43950472490373155,"Aliens, Space, Military, War, Male Protagonist",
155228,My Girlfriend is 8 Meters Tall,JP,2022,66.0,6633,0.44223761602495953,0.14855593689815833,0.2800339352275272,"School, Male Protagonist, Female Protagonist, Heterosexual, Cute Girls Doing Cute Things",
98587,BEASTARS,JP,2016,81.0,48009,0.44221948156708873,0.28993448381238973,0.3785684206688587,"Anthropomorphism, Animals, Coming of Age, Male Protagonist, School",
72451,Horimiya,JP,2011,82.0,119971,0.44197252178942004,0.1276226851521011,0.24929976897245662,"Heterosexual, Female Protagonist, Male Protagonist, Primarily Teen Cast, Tsundere",
97770,Reborn as a Scholar,KR,2016,71.0,10777,0.4418465528866348,0.26665701419067384,0.4907933494072891,"Martial Arts, Cultivation, Wuxia, Heterosexual, Reincarnation",
138397,Reincarnated as an Unruly Heir,KR,2021,71.0,9462,0.44133092470643437,0.24695562835776402,0.4523777135354068,"Politics, Martial Arts, Reincarnation, Male Protagonist, Full Color",
104977,"Don’t mind me, Sensei! Give yourself a hand!",JP,2018,65.0,10389,0.441163907634702,0.15438247348763204,0.1441416164570476,"Masturbation, Drawing, Work, Seinen, Surreal Comedy",
35627,Bloody Monday,JP,2007,72.0,8972,0.4411319324481894,0.23164472044835666,0.5105587943592069,"Terrorism, Shounen, Male Protagonist, Tragedy, Guns",
110393,That's My Atypical Girl,JP,2018,78.0,11849,0.4410257386937017,0.3494700486147031,0.28124634352438993,"Primarily Adult Cast, Rehabilitation, Disability, Bullying, Suicide",
110872,Hirasaka Hinako ga Ero Kawaii koto wo Ore dake ga Shitteiru.,JP,2018,61.0,8014,0.4409786842697786,0.1875044816602152,0.3084818410079144,"School, Shounen, Tsundere, Witch, Nudity",
101294,Might as Well Cheat: I Got Transported to Another World Where I Can Live My Wildest Dreams!,JP,2018,55.0,5975,0.44096162511406284,0.2946496191252717,0.33632484452059597,"Female Harem, Nudity, Seinen, Isekai, Elf",
85277,kuro,JP,2011,74.0,9220,0.44082214452293106,0.29012139511062174,0.3422970979979014,"Demons, Full Color, Animals, Amnesia, Tragedy",
119701,The Spark in Your Eyes,KR,2020,80.0,11499,0.4407080745452606,0.35771647641599646,0.4144234279654999,"Tragedy, Full Color, Magic, Female Protagonist, Witch",
122180,"Even Given the Worthless ""Appraiser"" Class, I'm Actually the Strongest",JP,2020,65.0,5813,0.4406567138850884,0.3188355119596578,0.5163081567447487,"Magic, Male Protagonist, Female Harem, Shounen, Elf",
136680,SANDA,JP,2021,69.0,6396,0.440578062336216,0.1585389922005559,0.295938934581204,"Male Protagonist, Dissociative Identities, Female Protagonist, School, Primarily Teen Cast",
97701,Machida-kun no Sekai,JP,2015,82.0,17016,0.4405399665750831,0.1627130180761603,0.20284158654994044,"Episodic, Iyashikei, Male Protagonist, Shoujo, Family Life",
31929,Old Boy,JP,1996,68.0,6897,0.4404550718810097,0.3316335070936866,0.40383756742297866,"Revenge, Noir, Crime, Urban, Bar",
110941,Kanzen Kaihi Healer no Kiseki,JP,2019,63.0,6070,0.44018358054792045,0.2969158503909478,0.4887634092418837,"Isekai, Male Protagonist, Magic, Dungeon, Alchemy",
35113,Witch Hunter,KR,2006,71.0,6746,0.44017603098706254,0.2615970514230933,0.37009814423800635,"Witch, Magic, Guns, Curses",
136331,The Return of the 8th Class Mage,KR,2021,74.0,26190,0.43998449383856647,0.38794854595713274,0.5093071558732198,"Age Regression, Magic, Revenge, Politics, Full Color",
172623,"Act Like a Boss Monster, Mr. Swallow!",KR,2023,71.0,9494,0.43982861308397453,0.3540138943742943,0.4752366785001406,"Demons, Dungeon, Full Color, Magic, Anti-Hero",
116534,"Welcome Back, Alice",JP,2020,70.0,17916,0.4396661181266969,0.2581535467616969,0.2230623879953175,"Primarily Teen Cast, Psychosexual, Agender, LGBTQ+ Themes, Love Triangle",
154349,Kindergarten Wars,JP,2022,76.0,15373,0.4396554905364677,0.21903630091307852,0.4093206454425635,"Assassins, Female Protagonist, Surreal Comedy, Teacher, Crime",
133038,The Villainess Flips the Script!,KR,2021,78.0,11750,0.4395726759944954,0.14356635243325894,0.22446439366527293,"Reincarnation, Heterosexual, Long Strip, Family Life, Female Protagonist",
30743,21st Century Boys,JP,2006,82.0,36271,0.43952934879833544,0.32567477236082104,0.3336484675833474,"Conspiracy, Seinen, Cult, Ghost, Tragedy",
136099,To Not Die,KR,2021,73.0,7204,0.43942117123705543,0.3074367078379381,0.4419347058625238,"Revenge, Delinquents, Bullying, Full Color, Male Protagonist",
107518,Heavenly Demon Reborn!,KR,2018,77.0,17681,0.43928209396117435,0.3234431166315698,0.5442086737961631,"Martial Arts, Revenge, Cultivation, Reincarnation, Conspiracy",
137158,Tenkaichi: The Greatest Warrior Under the Rising Sun,JP,2021,75.0,8138,0.43904526516128856,0.3299455500777666,0.4810726737715514,"Martial Arts, Seinen, Ensemble Cast, Swordplay, Spearplay",
153994,My F-Rank High School Life,KR,2022,66.0,13506,0.4389641114562246,0.22884034278984378,0.46478924943971656,"Male Protagonist, Urban Fantasy, Full Color, School, Bullying",
109661,"Hello, Melancholic!",JP,2019,75.0,6596,0.4386915299215365,0.047656461102976916,0.036827616639892674,"Band, LGBTQ+ Themes, School Club, Yuri, School",
85139,"My Monster Secret: Actually, I Am…",JP,2013,78.0,18211,0.43864618251722937,0.16514850736112552,0.3527042629680205,"School, Vampire, Heterosexual, Male Protagonist, Monster Girl",
116827,Burn the Witch,JP,2020,68.0,16162,0.4386213138201239,0.28963001180217995,0.49221582819011817,"Dragons, Magic, Foreign, Shounen, Witch",
33574,Tobaku Datenroku Kaiji,JP,2004,80.0,6221,0.43858493696391077,0.3236591428318306,0.2999339346499863,"Gambling, Mahjong, Seinen, Survival, Primarily Male Cast",
103214,Saeki-san wa Nemutteru,JP,2018,69.0,8260,0.4384242592439562,0.07171267777197944,0.22590960444851826,"School, Male Protagonist, Shounen, Female Protagonist, Heterosexual",
110342,My Stepmom's Daughter Is My Ex,JP,2019,63.0,5820,0.438287916188033,0.07526499862110683,0.21322963962746244,"Inseki, Female Protagonist, Family Life, Male Protagonist, Heterosexual",
100932,Heesu in Class 2,KR,2017,82.0,9056,0.43828125558973813,0.1064942922877131,0.185682780632227,"Boys' Love, Male Protagonist, Unrequited Love, LGBTQ+ Themes, School",
147587,Marriage of Convenience,KR,2022,78.0,11737,0.4382327761812586,0.20184061147061994,0.22657744552141185,"Female Protagonist, Arranged Marriage, Heterosexual, Full Color, Age Regression",
138564,Landlord Sisters,KR,2021,79.0,7264,0.4379925129656759,0.16583979774920105,0.20181062118017618,"Nudity, Full Color, Heterosexual, Male Protagonist, Female Harem",
145966,Is This Hero for Real?,KR,2022,67.0,13514,0.43794724411455177,0.27388836193538474,0.45250254757914943,"Isekai, Language Barrier, Revenge, Anti-Hero, Full Color",
99544,Tensei Kyuuketsuki-san wa Ohirune ga Shitai,JP,2017,65.0,5847,0.4378811838702323,0.15769643191021782,0.24930818838515875,"Isekai, Vampire, Gender Bending, Yuri, Magic",
143099,Your Eternal Lies,KR,2021,81.0,7718,0.4378761695456563,0.2910123498896041,0.350137303592272,"Female Protagonist, Crime, Anti-Hero, Primarily Adult Cast, War",
107234,"Go for It Again, Nakamura!",JP,2017,71.0,7335,0.4376850331693392,0.08550228581416619,0.13071094495414268,"LGBTQ+ Themes, Male Protagonist, Boys' Love, Cute Boys Doing Cute Things, Coming of Age",
136087,The Ember Knight,KR,2021,77.0,10588,0.43757545543734205,0.37743324251269,0.597676649937191,"Revenge, Male Protagonist, Full Color, Tragedy, Swordplay",
136943,"Love, That's an Understatement",JP,2021,79.0,10138,0.43743102246647064,0.022451940020653913,0.05279698479142,"Shoujo, Delinquents, Female Protagonist, Primarily Teen Cast, School",
99354,"The Greatest Lady Boss ""Takizawasan""",JP,2016,67.0,9096,0.4372903201802343,0.16384706063884275,0.17697974196161534,"4-koma, Large Breasts, Primarily Adult Cast, Office Lady, Male Protagonist",
110744,Rebirth Of The Urban Immortal Cultivator,CN,2018,63.0,7566,0.43728848323247754,0.24219387425849967,0.4998138678786846,"Cultivation, Martial Arts, Male Protagonist, Reincarnation, Full Color",
52651,THE BREAKER - NEW WAVES,KR,2010,81.0,22218,0.43718680102563007,0.2189056204058183,0.3971804505680495,"Martial Arts, Gangs, Male Protagonist, Terrorism, Anti-Hero",
33258,A Distant Neighborhood,JP,1998,78.0,9655,0.4371841910432415,0.33093619694363857,0.29194252237456564,"Time Manipulation, Age Regression, Male Protagonist, Family Life, Seinen",
33378,Kimi ni Todoke: From Me to You,JP,2006,82.0,36496,0.4371335378260044,0.14702420380917008,0.14472930586986987,"Shoujo, Female Protagonist, School, Coming of Age, Heterosexual",
139699,I’m the Evil Lord of an Intergalactic Empire!,JP,2021,71.0,6769,0.4371018230102766,0.16893695836569686,0.3445184659839022,"Isekai, Artificial Intelligence, Reincarnation, Space, Super Robot",
139966,Nyanta to Pomeko: Imasara Shinjite Iru to Iwaretemo Mou Teokure da,JP,2021,73.0,8987,0.4370844296956967,0.13838107012609172,0.23263312462314767,"School, Writing, Male Protagonist, Heterosexual, Female Protagonist",
134369,Medaka Kuroiwa is Impervious to My Charms,JP,2021,69.0,24988,0.4368743987127673,0.10162488711708247,0.2174157336137646,"Heterosexual, Female Harem, Love Triangle, Female Protagonist, School",
98347,The Ideal Sponger Life,JP,2017,70.0,9970,0.4363903805146926,0.3554473813116825,0.3366336628880234,"Politics, Isekai, Male Protagonist, Seinen, Tomboy",
119363,Player,KR,2020,78.0,16582,0.4362461428509247,0.29637248267325395,0.5479325495864286,"Male Protagonist, Isekai, Full Color, Super Power, Love Triangle",
104677,Her Tale of Shim Chong,KR,2017,82.0,11348,0.4361716773332569,0.1580958928151233,0.22129269219227887,"Female Protagonist, Full Color, Yuri, Historical, Primarily Adult Cast",
85319,Fairy Tail Zerø,JP,2014,75.0,12485,0.43599988882034957,0.24326762790635525,0.42917380197994215,"Female Protagonist, Magic, Shounen, Tragedy, Fairy Tale",
111590,Ichawon Yongbyeong,KR,2017,66.0,7390,0.4359405834276827,0.29707693000888946,0.557195004529243,"Isekai, Male Protagonist, Full Color, Swordplay, Torture",
100805,Here U Are,CN,2017,85.0,29631,0.4359203252109051,0.14523666134659577,0.2047983171565594,"Boys' Love, Male Protagonist, LGBTQ+ Themes, Primarily Male Cast, Full Color",
114728,The Blood of Madam Giselle,KR,2019,64.0,6361,0.43591499605151374,0.21673504093226065,0.24785205586675155,"Vampire, Female Protagonist, Full Color, Netorare, Royal Affairs",
86717,Wotakoi: Love is Hard for Otaku,JP,2014,83.0,63124,0.435841157365444,0.1011193075832009,0.1559788330933228,"Otaku Culture, Primarily Adult Cast, Office Lady, Video Games, Work",
38586,THE BREAKER,KR,2007,80.0,38800,0.4355579174314079,0.2891802336287521,0.43015058310430265,"Martial Arts, Revenge, Nudity, Male Protagonist, Gangs",
137513,"Backstabbed in a Backwater Dungeon: My Party Tried to Kill Me, But Thanks to an Infinite Gacha I Got LVL 9999 Friends and Am Out For Revenge",JP,2021,67.0,12023,0.4354478259878787,0.2991078467174212,0.4831100289971688,"Revenge, Male Protagonist, Shounen, Magic, Demons",
98068,Nidome no Jinsei wo Isekai de,JP,2016,66.0,10440,0.43498711161240206,0.3841041693920228,0.5276464311386996,"Swordplay, Isekai, Female Harem, Magic, Male Protagonist",
98608,Campfire Cooking in Another World with My Absurd Skill,JP,2017,74.0,14737,0.43487778219815154,0.27403335435816806,0.42376371511245486,"Isekai, Food, Animals, Male Protagonist, Demons",
48570,Ultra Heaven,JP,2001,78.0,10797,0.43484796649648383,0.3571353658740483,0.31827459904183153,"Seinen, Drugs, Male Protagonist, Primarily Adult Cast, Dystopian",
86890,Blue Giant,JP,2013,84.0,13922,0.4347949047545467,0.312809989007686,0.31807845460623957,"Seinen, Jazz Music, Band, Male Protagonist, Coming of Age",
44721,D-Frag!,JP,2008,78.0,9578,0.43471125063770155,0.12976103616976237,0.17185852930008189,"School, Slapstick, Parody, School Club, Male Protagonist",
201773,Haimiya-senpai wa Kowakute Kawaii,JP,2025,78.0,11463,0.434695060219718,0.053859348852385046,0.08285000982190642,"Heterosexual, Primarily Teen Cast, Gyaru, School, Yandere",
148677,The Breaker: Eternal Force,KR,2022,70.0,7519,0.4346734333486501,0.23961282898341876,0.47147433501317504,"Martial Arts, Male Protagonist, Gangs, Revenge, Full Color",
108451,Adelaide,KR,2017,70.0,6774,0.4346207716169234,0.134494094258698,0.21409424756084616,"Full Color, Isekai, Female Protagonist, Reincarnation, Royal Affairs",
102545,Kimi ni Aisarete Itakatta,JP,2017,58.0,8769,0.43451093661894663,0.2955982263139347,0.23219213660690957,"Tragedy, School, Bullying, Female Protagonist, Seinen",
122949,Venus in the Blind Spot,JP,2019,74.0,6037,0.4344187205013893,0.3689355757179956,0.3457215582679986,"Tragedy, Gore, Seinen, Anthology, Body Horror",
144866,Akane-banashi,JP,2022,81.0,24231,0.4339048205234696,0.24285831177066575,0.29932030174769786,"Rakugo, Female Protagonist, Primarily Adult Cast, Coming of Age, Acting",
43290,No Longer Human,JP,2009,77.0,16080,0.4338729597060319,0.35302016428833666,0.3075178953820661,"Seinen, Classic Literature, Suicide, Tragedy, Philosophy",
97871,Out of Control,KR,2013,77.0,7646,0.4338359879407764,0.09804731544626119,0.1839694511075359,"Boys' Love, Bullying, Full Color, Male Protagonist, School",
101076,Aozora to Kumorizora,JP,2016,75.0,6709,0.4338252398901242,0.3136293506629141,0.36210636416670705,"Suicide, Seinen, Male Protagonist, Philosophy, Tragedy",
85215,All You Need Is Kill,JP,2014,74.0,45217,0.43370882603172656,0.4242030899540286,0.47309087956173196,"Military, Time Manipulation, Seinen, Aliens, Survival",
33064,Kiichi!!,JP,2001,80.0,8786,0.4336199883181975,0.3669405314179168,0.3469945405195721,"Conspiracy, Tragedy, Coming of Age, Seinen, Philosophy",
110022,Magic Stone Gourmet: Eating Magical Power Made Me The Strongest,JP,2019,67.0,6350,0.4336151494278271,0.20439921900800115,0.49774541295797636,"Isekai, Male Protagonist, Shounen, Female Harem",
30481,Planetes,JP,1999,80.0,25129,0.4335062251659588,0.3504318544732311,0.34043660206591136,"Work, Space, Philosophy, Environmental, Seinen",
85632,That Wolf-Boy Is Mine!,JP,2014,69.0,5839,0.4334822816895166,0.008690014936575473,0.12380260914995965,"Kemonomimi, Shoujo, Animals, Female Protagonist, Shapeshifting",
129225,Hajirau Kimi ga Mitainda,JP,2021,65.0,10424,0.4333788995580785,0.19235918632061483,0.1876471378016291,"Heterosexual, Masturbation, Exhibitionism, Seinen, Male Protagonist",
106029,The One. Later On...,JP,2018,68.0,7203,0.4332010208686829,0.3142388694748236,0.4991883826439142,"Male Protagonist, Female Harem, Dragons, Magic, Elf",
100319,Boku no Kanojo wa Saikou desu!,JP,2017,69.0,15243,0.4331981432835834,0.08904200186407951,0.20760146821329997,"4-koma, Slapstick, Male Protagonist, Female Protagonist, Tomboy",
116506,Dungeon Reset,KR,2020,71.0,22145,0.43308146909792156,0.2675429132254942,0.4838938220214071,"Dungeon, Death Game, Isekai, Full Color, Food",
86429,He Does a Body Good,KR,2014,70.0,7885,0.4329171789323936,0.15778601256847413,0.2465349593539587,"Full Color, Nudity, Super Power, Heterosexual, Masochism",
53736,Opus,JP,1995,74.0,11356,0.4328283089878047,0.3935671885677813,0.43046511991429254,"Meta, Seinen, Demons, Magic, Drawing",
33256,Fuan no Tane,JP,2002,63.0,6152,0.4325615105380114,0.2766659225501859,0.25275882874286865,"Ghost, Seinen, Body Horror, Anthology, Urban",
147997,You and I Are Polar Opposites,JP,2022,79.0,18861,0.4322904694971592,0.154377128704135,0.2475631939500202,"Iyashikei, Heterosexual, Ensemble Cast, Coming of Age, Primarily Teen Cast",
103036,The Story of Our Unlikely Love,JP,2017,72.0,8028,0.43205796255120016,0.031772953522290946,0.05031682216466603,"Shoujo, Female Protagonist, Primarily Teen Cast, School, Heterosexual",
124846,MEMORIZE,KR,2020,72.0,12939,0.4318561284804676,0.41759317757207126,0.5790205859673515,"Male Protagonist, Survival, Demons, Age Regression, Isekai",
111477,I Want Your Mother to be With Me!,JP,2018,75.0,6951,0.4317564478496175,0.21810592958020122,0.2112403889086304,"Heterosexual, Work, Seinen, Male Protagonist, Family Life",
116675,I Log In Alone,KR,2020,62.0,6175,0.43168507616006424,0.25487880834275567,0.4623971515836779,"Full Color, Male Protagonist, Dungeon, Video Games, Magic",
55250,The Voynich Hotel,JP,2006,78.0,15620,0.43123742368956036,0.33521803349796087,0.3214350586967114,"Surreal Comedy, Seinen, Witch, Maids, Assassins",
101850,1-nen A-gumi no Monster,JP,2018,61.0,10597,0.43110805694614385,0.18173578365545592,0.276848488931418,"Male Protagonist, Revenge, Bullying, Teacher, Primarily Female Cast",
159121,World's Strongest Troll,KR,2022,70.0,6816,0.43097629404385474,0.22146785387732787,0.4445875283115164,"Video Games, Full Color, Male Protagonist, Long Strip",
98354,APOSIMZ,JP,2017,70.0,8880,0.43092840699055124,0.27057027025510566,0.5062372934001839,"Cyberpunk, Primarily Adult Cast, Robots, Anti-Hero, Tragedy",
152404,Alya Sometimes Hides Her Feelings in Russian,JP,2022,75.0,21295,0.4308529231318214,0.11898110379432783,0.22485368645292703,"Male Protagonist, Heterosexual, School, Language Barrier, Tsundere",
101242,The Return of the Superhero,CN,2017,67.0,7262,0.43083855224530165,0.23707041899304582,0.4334292389923273,"Super Power, Superhero, Male Protagonist, Full Color, Magic",
134635,Infinite Leveling: Murim,KR,2020,76.0,10616,0.4305021412916461,0.2511119122656329,0.49329403340216094,"Wuxia, Martial Arts, Reincarnation, Cultivation, Full Color",
187944,My Bias Gets on the Last Train,KR,2024,86.0,15632,0.4303600957488175,0.14297647355864745,0.17460767060853027,"Heterosexual, Primarily Adult Cast, Work, Band, Long Strip",
104686,Destiny Lovers,JP,2018,54.0,6542,0.43026439930524557,0.1083380789277544,0.22464163095615294,"Nudity, Female Harem, Shounen, Death Game, Boys' Love",
176812,The Reincarnated King of Fists,KR,2024,73.0,11262,0.4302213357119093,0.36350083607952827,0.5107289363259654,"Heterosexual, Politics, Kingdom Management, Cultivation, Full Color",
114913,A Delinquent's Life Hacks,JP,2018,77.0,7362,0.42977221887790557,0.08013431530667108,0.1344947025223927,"Male Protagonist, Iyashikei, Delinquents, Shoujo, Educational",
98263,Witch Hat Atelier,JP,2016,87.0,75274,0.4297389021235944,0.5268091660962092,0.4389051771204896,"Witch, Magic, Found Family, Female Protagonist, Memory Manipulation",
119327,"Uragirareta S-Rank Boukensha no Ore wa, Aisuru Dorei no Kanojora to Tomo ni Dorei dake no Harem Guild wo Tsukuru",JP,2020,56.0,6427,0.4296788506630581,0.41250233077896065,0.4600374146915711,"Slavery, Female Harem, Nudity, Male Protagonist, Seinen",
87409,Musuko ga Kawaikute Shikataganai Mazoku no Hahaoya,JP,2016,73.0,8054,0.4295648139782197,0.19427792089116314,0.22824437435401193,"Demons, Family Life, Female Protagonist, Primarily Female Cast, Urban Fantasy",
107485,Do Chokkyuu Kareshi x Kanojo,JP,2017,73.0,16765,0.42905471773828696,0.06101348539146852,0.19147661226310742,"School, Slapstick, Male Protagonist, Female Protagonist, School Club",
120222,The Twins' New Life,KR,2020,67.0,7013,0.4289653591241744,0.12761059123941168,0.2372832109622058,"Twins, Long Strip, Royal Affairs, Reincarnation, Full Color",
112481,Maou Gun Saikyou no Majutsushi wa Ningen datta,JP,2019,63.0,6052,0.4289649164492605,0.3859744934690894,0.5405457056785616,"Demons, War, Male Protagonist, Isekai",
138366,Your Talent Is Mine,CN,2021,71.0,14144,0.4285880747730207,0.266940650679765,0.5219351503036718,"Super Power, Full Color, Cultivation, Male Protagonist, Urban Fantasy",
56144,The Daily Lives of High School Boys,JP,2009,80.0,9741,0.4282597784448378,0.016636183138341507,0.13975427277061078,"Primarily Male Cast, Shounen, Slapstick, School, Cute Boys Doing Cute Things",
109406,The Evening and The Sea,JP,2017,70.0,6900,0.4281985030449732,0.10095324902841069,0.10551952829540284,"Female Protagonist, Primarily Female Cast, Coming of Age, Swimming, Primarily Teen Cast",
154258,"Lucky Me: I Secretly Cultivated for 1,000 Years",CN,2022,79.0,9238,0.42816341626086346,0.2458272652236311,0.4688545206081707,"Cultivation, Time Skip, Male Protagonist, Full Color, Martial Arts",
139339,"Into the Light, Once Again",KR,2021,74.0,14030,0.42793591587522256,0.23338329125461116,0.26445435338331746,"Reincarnation, Female Protagonist, Magic, Gods, Revenge",
85616,Seaside Stranger: Umibe no Étranger,JP,2013,77.0,20079,0.4278523974269571,0.17779005332034314,0.18481081344766617,"Boys' Love, LGBTQ+ Themes, Male Protagonist, Time Skip, Coastal",
35806,Franken Fran,JP,2006,75.0,11734,0.4278150911263741,0.29399997833133473,0.25070949100245127,"Episodic, Body Horror, Female Protagonist, Medicine, Seinen",
150750,Charming the Duke of the North,KR,2022,73.0,7537,0.42775436151667706,0.16904550302837829,0.2251076418393198,"Royal Affairs, Isekai, Heterosexual, Kuudere, Acting",
105688,I Cannot Reach You,JP,2018,77.0,5876,0.42768425606330496,0.042718440639142284,0.052102545449886635,"Boys' Love, School, Shoujo, Coming of Age, Male Protagonist",
152855,Ichinichi Goto ni Dere ga Fueteku Tsuntsuntsuntsuntsundere-chan,JP,2022,73.0,13629,0.4274689323569482,0.0501990474721666,0.08498950953740936,"Tsundere, Heterosexual, Female Protagonist, POV, School",
149624,Kill the Dragon,KR,2022,68.0,7249,0.42746866810096673,0.26574747683729405,0.4265609655903849,"Military, Dragons, Super Power, Aliens, Male Protagonist",
113524,I Was Tricked into this Fake Marriage!,KR,2019,72.0,8639,0.4274217659836962,0.174010123910055,0.25937688193924646,"Full Color, Heterosexual, Gods, Reincarnation, Isekai",
101265,Ran the Peerless Beauty,JP,2017,78.0,5918,0.4273870285626567,0.05448710943478914,0.07010547334769024,"Shoujo, Coming of Age, Female Protagonist, School, Heterosexual",
132123,Relationship Guidelines,KR,2020,73.0,6534,0.4272030205573108,0.08557217517884547,0.13039002959145624,"Full Color, Yuri, Primarily Female Cast, Female Protagonist, LGBTQ+ Themes",
144126,Level 1 Player,KR,2022,64.0,7248,0.42712027377684897,0.3341523344855222,0.5802669772678583,"Full Color, Male Protagonist, Dungeon, Swordplay, Magic",
55515,JoJo no Kimyou na Bouken: JoJolion,JP,2011,85.0,60169,0.4269659809364502,0.4034135465334865,0.5828999214524484,"Coming of Age, Super Power, Seinen, Amnesia, Tragedy",
110462,Tomb Raider King,KR,2019,73.0,34306,0.42692729578183375,0.41529903448439476,0.574704298004032,"Male Protagonist, Anti-Hero, Full Color, Mythology, Time Manipulation",
115149,Meika-san wa Oshikorosenai,JP,2020,73.0,8426,0.42691720234113134,0.13315168260355148,0.270111352486172,"Maids, Shounen, Heterosexual, Female Protagonist, Male Protagonist",
144999,Grand Warlock Streamer,KR,2022,67.0,7959,0.42684359643186426,0.2990460347703583,0.42731413680213637,"Virtual World, Dungeon, Magic, Video Games, Animals",
109285,Skip and Loafer,JP,2018,86.0,31755,0.42672060325538164,0.1854685417439615,0.2057316151821678,"Coming of Age, Female Protagonist, Primarily Teen Cast, School, Heterosexual",
150170,Ending Maker,KR,2022,78.0,13358,0.42655402882414256,0.2568901800121427,0.4744681064402465,"Male Protagonist, Isekai, Full Color, Female Protagonist, Magic",
39699,Classmates,JP,2006,82.0,17333,0.42651984416646044,0.1526716394260667,0.17425908848121424,"Coming of Age, School, Primarily Male Cast, Boys' Love, LGBTQ+ Themes",
30081,Aria,JP,2002,86.0,17635,0.42650979660576516,0.24891228992763306,0.3116357427458062,"Iyashikei, Primarily Female Cast, Coming of Age, Female Protagonist, Work",
130429,I Shall Master this Family!,KR,2021,82.0,23197,0.42628907824708717,0.23641912884969357,0.2535851760073914,"Female Protagonist, Royal Affairs, Politics, Age Regression, Family Life",
86303,Miss Kobayashi's Dragon Maid,JP,2013,76.0,18598,0.4260029717980152,0.26169204386849737,0.21646336566149826,"Cute Girls Doing Cute Things, Dragons, Maids, Family Life, Female Protagonist",
135318,The Warrior Returns,KR,2021,66.0,14836,0.4259868467797468,0.2971454711599172,0.5196144947689081,"Anti-Hero, Male Protagonist, Full Color, Tragedy, Suicide",
136355,Touch My Little Brother and You're Dead,KR,2021,72.0,7170,0.42594655061410025,0.1545350624400394,0.22124238109152078,"Female Protagonist, Magic, Male Harem, Incest, Surreal Comedy",
109900,May I Ask for One Final Thing?,JP,2019,73.0,10025,0.425733139219357,0.21820239997306873,0.31818363467486543,"Female Protagonist, Villainess, Shoujo, Ojou-sama, Time Manipulation",
126636,The Lone Spellcaster,KR,2020,61.0,10167,0.4253838542758545,0.2581431292029732,0.42445309258350217,"Magic, Full Color, Dungeon, Male Protagonist, Martial Arts",
109259,What It Takes to Be a Villainess,KR,2018,68.0,8087,0.42497162032238534,0.24326068810569076,0.26364269404907287,"Politics, Reincarnation, Heterosexual, Full Color, Female Protagonist",
64377,Gokukoku no Brynhildr,JP,2012,66.0,8641,0.42485608820018367,0.33150806772138797,0.44319499991896444,"Seinen, Male Protagonist, Urban Fantasy, Super Power, Tragedy",
87220,The Black Healer,JP,2015,66.0,6712,0.4244034933038546,0.19786022863006833,0.2735881344243689,"Isekai, Shoujo, Magic, Female Protagonist, Kemonomimi",
146712,Jack Be Invincible,KR,2022,69.0,12933,0.4243792775074757,0.41609668233862207,0.5841996391416726,"Male Protagonist, Time Manipulation, Revenge, Magic, Age Regression",
54294,Ao Haru Ride,JP,2011,79.0,59632,0.4243343218063897,0.15078696397871133,0.1582027720620203,"Shoujo, School, Love Triangle, Heterosexual, Female Protagonist",
172407,Akanabe-sensei wa Tereshirazu,JP,2023,72.0,7773,0.4242049349166596,0.09037152965324839,0.2053006019232767,"Work, Heterosexual, Writing, Primarily Adult Cast, Drawing",
156935,Inkya Gyaru Demo Ikigaritai!,JP,2022,75.0,6057,0.42419184249826153,0.015069423059305233,0.03845611080105037,"Female Protagonist, Primarily Female Cast, Otaku Culture, Gyaru, Yuri",
35994,Nana & Kaoru,JP,2008,72.0,13929,0.4240772610449151,0.2715617935734865,0.2136836988055516,"Sadism, Bondage, Seinen, School, Heterosexual",
116027,Sword King In A Women's World,CN,2019,62.0,9976,0.4239243657267531,0.24327137435623988,0.5272206421578932,"Female Harem, Cultivation, Martial Arts, Urban Fantasy, Male Protagonist",
107305,Saikyou no Shuzoku ga Ningen datta Ken,JP,2018,60.0,7213,0.4237651292751635,0.3002904107188218,0.42135611974824866,"Female Harem, Nudity, Elf, Demons, Monster Girl",
100885,BJ Alex,KR,2017,77.0,17153,0.42368939665280303,0.20989097342584662,0.22942069288315048,"Boys' Love, Male Protagonist, Primarily Adult Cast, Anal Sex, LGBTQ+ Themes",
128403,The Villainess's Maker,KR,2021,67.0,7270,0.4234634333575477,0.24710515627859098,0.2830941020353127,"Villainess, Female Protagonist, Primarily Adult Cast, Butler, Full Color",
162412,Wolf-chan wa Sumashitai ,JP,2023,71.0,6209,0.42293695437946044,0.0268147381851366,0.061831914853112416,"Primarily Teen Cast, Kuudere, Female Protagonist, Heterosexual, School",
167834,The Martial God Who Regressed Back to Level 2,KR,2023,74.0,18504,0.4227290408474468,0.2778341987955696,0.48041551144981054,"Age Regression, Death Game, Male Protagonist, Full Color, Super Power",
60123,Minamoto-kun Monogatari,JP,2011,66.0,15323,0.42261079621056585,0.2654776842071282,0.2411678569463549,"Nudity, Female Harem, Primarily Adult Cast, Seinen, Coming of Age",
105304,Miageru to Kimi wa,JP,2018,71.0,6398,0.4224313625380188,0.2586468448669415,0.2247834030972336,"Seinen, Tomboy, Heterosexual, School, Male Protagonist",
140466,The SSS-Rank Hunter's Lucky Draw,KR,2021,66.0,6895,0.4220896839475255,0.21170270493079957,0.415168513983472,"Urban Fantasy, Gambling, Dungeon, Male Protagonist, Full Color",
103111,My Senpai is Annoying,JP,2017,73.0,19900,0.42138991356371225,0.09548589500804558,0.12473212781529826,"Office Lady, Female Protagonist, Primarily Adult Cast, Full Color, Tsundere",
134191,After School Lessons for Unripe Apples,KR,2020,83.0,8971,0.42121201187676316,0.07877024075589394,0.15232569009819538,"Kuudere, Female Protagonist, Full Color, Primarily Teen Cast, School",
86036,SHIORI EXPERIENCE: Jimi na Watashi to Hen na Ojisan,JP,2013,83.0,12153,0.421121376326615,0.2192798150616606,0.18717702617132898,"Band, Ghost, School Club, Seinen, Coming of Age",
122395,Rooftop Swordmaster,KR,2020,65.0,8584,0.4210865305168778,0.3900390697400306,0.5722258081761001,"Revenge, Male Protagonist, Full Color, Swordplay, Bullying",
67707,Your Lie in April,JP,2011,82.0,21974,0.4210850253626232,0.21942785415591842,0.29960066410234565,"Tragedy, Heterosexual, School, Coming of Age, Rehabilitation",
30696,Hayate The Combat Butler,JP,2004,74.0,7214,0.4210233325647564,0.024493953191244956,0.1359950120005103,"Butler, Female Harem, Parody, Shounen, Maids",
171758,"Shut Up, Takamori!",JP,2023,70.0,5835,0.42095364116912193,0.07709697073150039,0.11170019873343262,"Heterosexual, School, Female Protagonist, Super Power, Kuudere",
52044,Iris Zero,JP,2009,77.0,8745,0.4206048300854012,0.25837028308670773,0.37102249947228116,"School, Super Power, Male Protagonist, Female Protagonist, Seinen",
78649,Haven't You Heard? I'm Sakamoto,JP,2011,74.0,11310,0.4203633602486698,0.15656213939444968,0.18254935214777548,"School, Seinen, Surreal Comedy, Primarily Teen Cast, Male Protagonist",
128945,The Demonic Contract,KR,2021,71.0,6474,0.42025441309714084,0.21845451048488068,0.25226228238672466,"Revenge, Demons, Full Color, Female Protagonist, Magic",
116353,The Devil Butler,CN,2019,82.0,25817,0.42022257628998455,0.3415704726958247,0.5094207555844625,"Anti-Hero, Cultivation, Full Color, Male Protagonist, Martial Arts",
107763,This Villainess Wants a Divorce!,KR,2018,73.0,13686,0.4200145311333498,0.16231661473553843,0.22480629439530048,"Full Color, Isekai, Politics, Reincarnation, Primarily Adult Cast",
86590,Henjo: Hen na Joshi Kousei Amaguri Senko,JP,2012,67.0,7882,0.4200007712272675,0.14954160187052182,0.11640780229705404,"Seinen, Heterosexual, Work, Age Gap, Love Triangle",
166929,My Favorite VTuber is Scary IRL,JP,2023,66.0,9465,0.4198913216112705,0.12374743839202876,0.09172882247651795,"Heterosexual, Rehabilitation, Hikikomori, VTuber, Primarily Adult Cast",
86635,Kaguya-sama: Love is War,JP,2015,87.0,116520,0.4198828207574367,0.2537278591432682,0.244733087587285,"School, Heterosexual, Tsundere, Female Protagonist, Primarily Teen Cast",
109501,My Love Story with Yamada-kun at Lv999,JP,2019,80.0,36578,0.4198350005082204,0.10539034806384535,0.1363407183329735,"Video Games, Heterosexual, Female Protagonist, Otaku Culture, Shoujo",
32179,Heads,JP,2002,72.0,6782,0.41980235595381593,0.38534140657606164,0.41137812082147507,"Dissociative Identities, Denpa, Drawing, Revenge, Suicide",
126297,Teenage Mercenary,KR,2020,79.0,54197,0.4195684350533686,0.26819863504792935,0.44266200675697787,"Full Color, Kuudere, Male Protagonist, Family Life, Military",
99757,Smile Down the Runway,JP,2017,80.0,9693,0.4194769055855392,0.13437508528218126,0.25207269657629433,"Fashion, Work, Female Protagonist, Male Protagonist, Coming of Age",
107980,Reincarnated as the Daughter of the Legendary Hero and the Queen of Spirits,JP,2018,68.0,7513,0.4194262859743747,0.24089748534923244,0.22540011253115144,"Female Protagonist, Isekai, Reincarnation, Age Regression, Seinen",
146017,The Hero Returns,KR,2022,69.0,15475,0.419338826197074,0.3091419148300674,0.5684540357110579,"Male Protagonist, Time Manipulation, Full Color, Long Strip",
133021,Tricked into Becoming the Heroine's Stepmother,KR,2021,70.0,6207,0.4191119028824543,0.10234599583746552,0.1709079557844234,"Full Color, Reincarnation, Royal Affairs, Female Protagonist, Family Life",
30430,Suzuka,JP,2004,73.0,10347,0.41892270959391853,0.15526418701948838,0.2665840191057105,"School, Heterosexual, Athletics, Tsundere, Love Triangle",
99183,Senryuu Shoujo,JP,2016,78.0,14570,0.4188921574156229,0.06354908888876384,0.18520087609505276,"School Club, 4-koma, Heterosexual, School, Male Protagonist",
55081,Love Stage!!,JP,2010,71.0,7555,0.4188590539598808,0.07558067124414382,0.13774283909023727,"Boys' Love, Crossdressing, Male Protagonist, School, Idol",
117342,Sore wa Rei no Shiwaza desu,JP,2020,69.0,7656,0.41867664170311447,0.06548242633568523,0.23249929519652365,"Ghost, Heterosexual, Primarily Teen Cast, School, Male Protagonist",
30016,Love Hina,JP,1998,73.0,13621,0.41863621282712676,0.12171313247732374,0.27270108499194945,"Tsundere, Female Harem, Ensemble Cast, Male Protagonist, Shounen",
31013,Touch,JP,1981,81.0,6074,0.4186166339183573,0.12168664014370986,0.2095048189884506,"Baseball, Coming of Age, School, Shounen, Twins",
191203,Osoraku Kanojo wa Ore no Aniki wo Neratteru,JP,2025,77.0,10639,0.4183619278286831,0.0888271351373693,0.15851232091983175,"School, Heterosexual, Primarily Teen Cast, Female Protagonist, Male Protagonist",
178692,Tears on a Withered Flower,KR,2024,71.0,5958,0.41833958409467115,0.17045862339625373,0.16630032130661165,"Age Gap, Large Breasts, Heterosexual, Primarily Adult Cast, Female Protagonist",
102043,BL Metamorphosis,JP,2017,77.0,5889,0.4182459373391542,0.05157810854126366,0.05830108219256227,"Otaku Culture, Female Protagonist, Josei, Iyashikei, Primarily Female Cast",
85697,New Game!,JP,2013,79.0,11012,0.4178836900342706,0.12795364231198156,0.13159881317837452,"4-koma, Primarily Female Cast, Cute Girls Doing Cute Things, Work, Female Protagonist",
104271,"Father, Unrivaled",KR,2017,78.0,12659,0.4177072087412847,0.3079755527608298,0.5353527693593692,"Martial Arts, Full Color, Male Protagonist, Cultivation, Family Life",
106660,"No Matter What You Say, Furi-san is Scary!",JP,2018,70.0,11278,0.41762239605703305,0.15999054080243508,0.1706408166995777,"School, Heterosexual, Male Protagonist, Delinquents, Seinen",
101755,Ogami-san Can’t Keep It In,JP,2016,67.0,7568,0.4176096213512334,0.12240456829846016,0.11340392570477674,"Female Protagonist, School, Kuudere, Seinen, Heterosexual",
126284,For Better or For Worse,KR,2020,77.0,6913,0.4175044149412136,0.1085542406490054,0.1802332272529361,"Female Protagonist, Villainess, Long Strip, Full Color, Reincarnation",
30387,Chibi Vampire,JP,2003,74.0,6201,0.4174237006519826,0.07164875178005817,0.23814215535066469,"School, Vampire, Female Protagonist, Family Life, Shounen",
124481,Caught by the Villain,KR,2020,70.0,7839,0.4171399882840643,0.22853716708952543,0.2819066775057461,"Crossdressing, Female Protagonist, Demons, Military, Swordplay",
132128,Updater,KR,2021,67.0,6540,0.41711577976361075,0.2920457126134177,0.5269548235838957,"Full Color, Male Protagonist, Reincarnation",
159445,Murime Tteoreojin Hyeondaein,KR,2022,69.0,5976,0.4170585576373668,0.2758069166892391,0.46063852646137976,"Martial Arts, Full Color, Male Protagonist, Economics, Reincarnation",
30375,Initial D,JP,1995,81.0,12971,0.41698019956696025,0.36071586128345184,0.41539222694410377,"Cars, Seinen, Male Protagonist, Coming of Age, School",
40846,Octave,JP,2008,73.0,5975,0.4169597461684016,0.20064228611630902,0.16300812460040098,"Yuri, Work, LGBTQ+ Themes, Female Protagonist, Primarily Adult Cast",
107275,Mr. Villain's Day Off,JP,2018,76.0,10816,0.4169140320500226,0.137777311924268,0.18515045659355522,"Male Protagonist, Iyashikei, Animals, Food, Aliens",
109219,"As You Wish, Prince",KR,2018,74.0,7021,0.4167241659123256,0.23833662691022653,0.3990837887462801,"Isekai, Female Protagonist, Full Color, Swordplay, Heterosexual",
85197,Giganto Maxia,JP,2013,66.0,6581,0.4166975836383183,0.2973087792993382,0.2442833943487819,"Seinen, Kaiju, Wrestling, Dystopian, Magic",
144599,THE ISEKAI DOCTOR: Any sufficiently advanced medical science is indistinguishable from magic.,JP,2021,77.0,6442,0.4165952069565088,0.3357198331619171,0.31958659497165876,"Isekai, Medicine, Monster Girl, Male Protagonist, Magic",
49896,Witchcraft Works,JP,2010,71.0,7065,0.4165191729164472,0.3503107013067267,0.4387567910219249,"Witch, Seinen, Male Protagonist, Magic, Amnesia",
114903,"This is Screwed Up, but I Was Reincarnated as a GIRL in Another World!",JP,2019,65.0,7861,0.41647292676690706,0.2172688690269315,0.26341113288749013,"Female Protagonist, Isekai, Seinen, Large Breasts, Gender Bending",
98382,Rokudo's Bad Girls,JP,2016,69.0,6896,0.41637568620345283,0.16338001552642914,0.4050717161236733,"Delinquents, Magic, Female Harem, School, Shounen",
145538,The Crow's Prince,KR,2022,75.0,10401,0.4162630740668346,0.15384373527151313,0.2373402348413619,"Heterosexual, Female Protagonist, Shapeshifting, Full Color, Royal Affairs",
44115,Prunus Girl,JP,2009,74.0,6946,0.41596126039750464,0.06762319275796451,0.20511274282152606,"Crossdressing, Male Protagonist, School, Boys' Love, Femboy",
108551,Don't Call it Mystery,JP,2017,83.0,7009,0.4156902100492883,0.2156935628688892,0.3163625194840684,"Crime, Philosophy, Detective, Josei, Male Protagonist",
98305,Akebi-chan no Sailor Fuku,JP,2016,78.0,10536,0.4156348712116695,0.15301221074308086,0.1192292316840312,"Female Protagonist, School, Iyashikei, Cute Girls Doing Cute Things, Primarily Female Cast",
87350,"Wake up, Sleeping Beauty",JP,2014,82.0,15408,0.4156026406729156,0.1931897732538517,0.2537139803678251,"Rehabilitation, Dissociative Identities, Ghost, Family Life, Found Family",
86788,Somali and the Forest Spirit,JP,2015,75.0,8185,0.41503689092921764,0.2983177461274277,0.23400650695750605,"Iyashikei, Magic, Seinen, Demons, Witch",
126594,Dungeons & Artifacts,KR,2020,69.0,8812,0.41475966514014995,0.4019994837668581,0.5556033167821979,"Dungeon, Revenge, Magic, Full Color, Male Protagonist",
104973,The Reason Why Raeliana Ended Up at the Duke's Mansion,KR,2017,81.0,27638,0.41462268128152313,0.191075200192289,0.29600568947261374,"Full Color, Female Protagonist, Isekai, Reincarnation, Conspiracy",
136312,"Saijo no Osewa: Takane no Hanadarake na Meimonkou de, Gakuin Ichi no Ojou-sama (Seikatsu Nouryoku Kaimu) wo Kagenagara Osewa suru Koto ni Narimashita",JP,2021,72.0,6531,0.414595344867605,0.08720126929554972,0.1546383218111755,"Heterosexual, Male Protagonist, Female Protagonist, School, Ojou-sama",
141316,The Reborn Ranker Chronicles,KR,2021,68.0,7423,0.41453357196926527,0.2518929632014753,0.49828234220930123,"Full Color, Male Protagonist, Cultivation, Martial Arts, Necromancy",
146858,You Can’t Be In a Rom-Com with Your Childhood Friends!,JP,2022,66.0,6438,0.4144375427841911,0.08268906771322082,0.22784255686430546,"Love Triangle, School, Heterosexual, Male Protagonist, Shounen",
185979,The Legendary Hero is an Academy Honors Student,KR,2024,69.0,8160,0.4140904210493009,0.24089637306943398,0.45686396073296487,"Male Protagonist, Full Color, Reincarnation, Long Strip",
56769,The Kawai Complex Guide to Manors and Hostel Behavior,JP,2010,79.0,13427,0.4140084866510128,0.22838423240969769,0.20899350344835416,"Seinen, Heterosexual, Ensemble Cast, School, Male Protagonist",
31456,Until Death Do Us Part,JP,2005,73.0,6320,0.4139397517946305,0.27948164427705285,0.44526298658989366,"Seinen, Male Protagonist, Martial Arts, Swordplay, Espionage",
109436,The Monstrous Duke's Adopted Daughter,KR,2019,75.0,13281,0.4138955687681546,0.2745351381532985,0.27295113558439354,"Full Color, Adoption, Female Protagonist, Long Strip, Found Family",
121819,"Toilet-bound Hanako-kun, Vol. 0",JP,2019,78.0,5983,0.4137226870601492,0.14631580014946433,0.30846262027485283,"Youkai, Ghost, School, Primarily Teen Cast, Heterosexual",
144122,The Rewards of Marriage,KR,2022,71.0,6091,0.4136206804257472,0.1694516187198446,0.2187186990203778,"Isekai, Magic, Heterosexual, Female Protagonist, Full Color",
138726,Rebirth Of The Ultimate Master,CN,2021,76.0,9676,0.41360861585669706,0.2756987598541304,0.5005681626105936,"Alchemy, Full Color, Wuxia, Swordplay, Martial Arts",
135369,The Druid of Seoul Station,KR,2021,67.0,13940,0.4135946422326248,0.24546412965128755,0.4820734856968536,"Post-Apocalyptic, Isekai, Full Color, Male Protagonist, Tragedy",
100843,Class ga Isekai Shoukan sareta Naka Ore dake Nokotta n desu ga,JP,2017,62.0,7708,0.41343421670925373,0.13360936750637137,0.30029490445207135,"Male Protagonist, School, Super Power, Female Harem, Isekai",
85213,Boku Girl,JP,2013,70.0,15465,0.4133636090074192,0.17151964545663329,0.2457482525119068,"Gender Bending, School, Love Triangle, Crossdressing, Femboy",
112621,I Can't Say No to the Lonely Girl,JP,2019,78.0,18946,0.4133564240147035,0.0835843058262675,0.08518617602101544,"Yuri, Primarily Female Cast, Female Protagonist, School, Cute Girls Doing Cute Things",
86761,Levius,JP,2012,71.0,5979,0.4132996109180918,0.3211139956210176,0.3875237366901706,"Seinen, Gore, Steampunk, Martial Arts, Boxing",
163448,The Constellations Are My Disciples,KR,2023,68.0,10946,0.41328490994659123,0.26380022980991086,0.5138196208506023,"Full Color, Male Protagonist, Swordplay, Long Strip",
159438,Relife Player,KR,2022,68.0,10111,0.41322806092878905,0.31170317110190604,0.47489439701760655,"Age Regression, Magic, Primarily Child Cast, School, Full Color",
105790,Destroy All Humans. They Can't Be Regenerated. A Magic: The Gathering Manga,JP,2018,77.0,11873,0.41304831481716275,0.028104804069792235,0.15145288101280313,"Card Battle, Tsundere, Urban, Ojou-sama, Love Triangle",
140467,Guard Pass,KR,2021,70.0,7702,0.41286856508839964,0.22740679123293978,0.4074371538886656,"Full Color, Martial Arts, Revenge, Male Protagonist, School",
104757,The World's Least Interesting Master Swordsman,JP,2018,62.0,7434,0.4127096161480574,0.2609594819169603,0.48427346653054504,"Isekai, Female Harem, Reincarnation, Male Protagonist",
121991,Viral Hit,KR,2019,78.0,27393,0.4126014100398268,0.13353305763603057,0.3079547469631034,"Martial Arts, Delinquents, Bullying, Coming of Age, Meta",
120440,Positively Yours,KR,2020,81.0,18094,0.41255947753816913,0.134509713128256,0.15343914512720536,"Primarily Adult Cast, Family Life, Heterosexual, Teacher, Full Color",
164263,"Fall in Love, You False Angels",JP,2023,78.0,8651,0.41251002201990566,0.030328920763556217,0.04562148464121726,"Shoujo, Heterosexual, School, Ojou-sama, Female Protagonist",
109921,My Love Mix-Up!,JP,2019,83.0,14692,0.4123235295981015,0.12386881366762395,0.15184593747867495,"Boys' Love, LGBTQ+ Themes, Shoujo, Male Protagonist, Coming of Age",
38483,A Town Where You Live,JP,2008,74.0,14107,0.41215741688742585,0.18880635160793394,0.31784542778357555,"Heterosexual, Tragedy, Love Triangle, School, Male Protagonist",
98388,Living-Room Matsunaga-san,JP,2016,74.0,10582,0.41213654832571894,0.1326830388759911,0.12460166520204896,"Shoujo, Heterosexual, Age Gap, Female Protagonist, Cohabitation",
144629,Hoarding in Hell,KR,2021,68.0,8320,0.4115587505112223,0.31930780582004853,0.561620552224998,"Full Color, Male Protagonist, Anti-Hero, Gore, Long Strip",
100052,The Summer of You,JP,2016,78.0,11937,0.4113709557677275,0.15771217664791948,0.18370760627532345,"Boys' Love, Primarily Male Cast, Male Protagonist, LGBTQ+ Themes, School",
110473,Insomniacs After School,JP,2019,83.0,30924,0.41130770903585523,0.2350355395194717,0.1940293133980087,"Coming of Age, Astronomy, Iyashikei, Heterosexual, School",
99851,"Saotome-Senshu, Hitakakusu",JP,2016,73.0,13368,0.4111268228136377,0.1864088323857461,0.1384731784473311,"Tomboy, Boxing, Heterosexual, Coming of Age, Female Protagonist",
184502,The Academy’s Sashimi Sword Master,KR,2024,74.0,11985,0.4111168711675909,0.21525302507499428,0.42897915492623545,"Female Harem, Isekai, Full Color, Male Protagonist, Long Strip",
159398,The Poisonous Healer,KR,2022,69.0,6068,0.4111086117602331,0.28146858413742154,0.5214238493934241,"Full Color, Male Protagonist, Super Power, Dungeon, Magic",
188781,Ctrl+Alt+Resign,KR,2025,78.0,6266,0.41091164557424636,0.11608948398932305,0.20357451698422388,"Heterosexual, Full Color, Office, Work, Primarily Adult Cast",
118959,Turning the Tables on the Seatmate Killer!,JP,2020,60.0,6364,0.410170983349662,0.012354900704249152,0.031761457208503326,"School, Heterosexual",
185978,The Dragon Slayer's Regression on Another Level,KR,2024,69.0,6942,0.40998963089333185,0.3220052078241968,0.5539681101137007,"Male Protagonist, Full Color, Age Regression, Swordplay, Dragons",
100937,DARLING in the FRANXX,JP,2018,71.0,20463,0.40988333460947246,0.21191136023331267,0.26703656501667866,"Dystopian, Monster Girl, Super Robot, Kaiju, Male Protagonist",
101449,Kuma Kuma Kuma Bear,JP,2018,74.0,7278,0.4098539022173635,0.12873563239211966,0.18879937773574784,"Isekai, Female Protagonist, Primarily Female Cast, Primarily Child Cast, Iyashikei",
156558,House Mayton's Youngest,KR,2022,66.0,10044,0.40981548599533246,0.3049376751884103,0.5378601712064324,"Full Color, Isekai, Male Protagonist, Magic",
156629,Ilsinsangui Iyuro Jamsi Hyujaehamnida,KR,2022,66.0,9343,0.40974847540669573,0.2973465960020195,0.4656157772886181,"Male Protagonist, Gods, Video Games, Full Color",
107279,Aoashi,JP,2015,86.0,24195,0.40954015450718767,0.23454959158345387,0.24765931546773637,"Football, Male Protagonist, School Club, Primarily Male Cast, Coming of Age",
111764,The Daughter of the Demon Lord Is Too Kind!,JP,2018,76.0,6632,0.40953037474785847,0.24617095080724533,0.22517764818694475,"Cute Girls Doing Cute Things, Demons, Magic, Family Life, Female Protagonist",
66723,The Devil is a Part-Timer!,JP,2011,75.0,12597,0.4095266586040703,0.1678458478492713,0.29627574965435416,"Demons, Magic, Work, Alternate Universe, Fugitive",
170688,Killer Peter,KR,2023,77.0,11861,0.4092895402630922,0.25755599946498264,0.39930711543317843,"Age Regression, Revenge, Crime, Assassins, Full Color",
85814,Re:ZERO -Starting Life in Another World- Chapter 2: A Week at the Mansion,JP,2014,78.0,6262,0.4092268280456359,0.4341935609928306,0.5270955368742064,"Time Manipulation, Seinen, Isekai, Male Protagonist, Twins",
104730,Handyman Saitou in Another World,JP,2018,68.0,6126,0.40919539409433237,0.3005856320089211,0.3703481947991388,"Male Protagonist, Seinen, Isekai, 4-koma, Dungeon",
33082,Nichijou,JP,2006,83.0,16512,0.4091489750400035,0.06196898916071207,0.16484068531526289,"Slapstick, Surreal Comedy, Episodic, Ensemble Cast, School",
99140,My Solo Exchange Diary,JP,2016,80.0,12468,0.4090661757682338,0.23744202116636975,0.17207902138950318,"Autobiographical, Female Protagonist, Rehabilitation, Non-fiction, LGBTQ+ Themes",
72545,Half & Half,JP,2012,74.0,8550,0.4087637920545862,0.22655801703264072,0.39549353662943454,"Tragedy, Heterosexual, Primarily Adult Cast, Suicide, Denpa",
45578,GE: Good Ending,JP,2009,73.0,11753,0.4087220902011037,0.14116581009274803,0.24112133142664177,"School, Shounen, Male Protagonist, Coming of Age, Baseball",
85453,Battle Through the Heavens,CN,2012,74.0,10116,0.40837802562813513,0.1658644983378051,0.4086692032335184,"Cultivation, Full Color, Martial Arts, Female Harem, Isekai",
120502,In the Clear Moonlit Dusk,JP,2020,78.0,21368,0.40821556646977936,0.07496778675064095,0.05208577236940583,"Shoujo, Tomboy, School, Heterosexual, Iyashikei",
159308,Boku to Gal ga Fuufu ni Naru made,JP,2022,67.0,9508,0.4081392368402275,0.06648394774850551,0.19906065637278733,"Gyaru, Shounen, Heterosexual, Primarily Teen Cast, Marriage",
120535,Until I Meet My Husband,JP,2020,81.0,6362,0.4080744592352163,0.17166883701206867,0.17592455481080316,"LGBTQ+ Themes, Autobiographical, Boys' Love, Male Protagonist, Coming of Age",
137623,A Yuri Love Story That Begins with Getting Dumped in a Dream,JP,2021,75.0,6811,0.4079597896241848,0.027591342272461135,0.045024619461166884,"Yuri, LGBTQ+ Themes, Primarily Female Cast, Female Protagonist, School",
35911,Freezing,JP,2007,66.0,7848,0.407907717523866,0.32868960842729245,0.430714350774385,"Male Protagonist, Primarily Female Cast, Gore, Super Power, Love Triangle",
151457,The Overpowered Newbie,KR,2022,70.0,9421,0.4076114341708007,0.3128237419727036,0.5723918775376406,"Full Color, Male Protagonist, Death Game, Animals, Magic",
54457,Puella Magi Madoka Magica,JP,2011,79.0,12420,0.40758771698725,0.33610819402053677,0.3409611300135538,"Time Manipulation, Primarily Female Cast, Magic, Seinen, Henshin",
156303,Home Office Romance,JP,2022,80.0,13582,0.40751935289626223,0.25437404839839084,0.23931441716253632,"Heterosexual, Seinen, Primarily Adult Cast, Work, Male Protagonist",
123164,Doujima-kun wa Doujinai,JP,2020,72.0,9054,0.4074529458939537,0.06466347909267024,0.1777276972108341,"Heterosexual, Gyaru, Slapstick, School, Female Protagonist",
142253,Karina's Last Days,KR,2021,73.0,7288,0.40719201131150706,0.21009942016364164,0.2934549147752258,"Tragedy, Long Strip, Female Protagonist, Full Color, Drawing",
120112,Asumi-chan is Interested in Lesbian Brothels,JP,2020,78.0,10134,0.407153746080429,0.11865857327746207,0.09747731346506258,"Yuri, Prostitution, Female Protagonist, Nudity, Primarily Adult Cast",
100309,Cooking with Wild Game,JP,2017,64.0,7746,0.4065157529210412,0.17630188585504125,0.28723878886274323,"Food, Isekai, Male Protagonist, Tomboy, Primarily Female Cast",
153207,Designated Bully,KR,2022,71.0,10709,0.406424942201826,0.21300391644797861,0.39123402242150473,"Male Protagonist, Full Color, Bullying, School, Gangs",
61185,Love at Fourteen,JP,2010,72.0,9549,0.40635276642355467,0.10473635244382742,0.09990731607503103,"School, Coming of Age, Love Triangle, Age Gap, Heterosexual",
86765,Kawaii Joushi wo Komarasetai,JP,2015,69.0,10649,0.4061910792821699,0.15793662420755997,0.1313600547469078,"4-koma, Work, Seinen, Heterosexual, Office Lady",
102861,I'm Quitting Heroing,JP,2018,67.0,7603,0.4056600435255097,0.36688680304352556,0.5193273887203321,"Male Protagonist, Seinen, Female Harem, Magic, Medieval",
128435,Happily Ever Afterwards,KR,2020,77.0,7173,0.4056301156179508,0.1672841391441824,0.25865108636770195,"Heterosexual, Royal Affairs, Female Protagonist, Full Color, Long Strip",
123130,The Salty Koharu Has a Soft Spot for Me,JP,2020,67.0,8165,0.4053230229179507,0.09002600510012469,0.14960356262410288,"School, Male Protagonist, Heterosexual, Female Protagonist, Love Triangle",
173062,Houkago Kitaku Biyori,JP,2023,82.0,8772,0.4053088501451723,0.1581784841566063,0.12199684329445794,"Heterosexual, Primarily Teen Cast, School, School Club, Seinen",
183855,The Bastard of Swordborne,KR,2024,74.0,10507,0.4052956397395858,0.3368327008049247,0.562942382664579,"Full Color, Male Protagonist, Swordplay, Age Regression, Long Strip",
166658,The Top Dungeon Farmer,KR,2023,78.0,11911,0.405204573512572,0.17605541373795866,0.28131786843682816,"Agriculture, Animals, Food, Male Protagonist, Full Color",
30029,Paradise Kiss,JP,1999,81.0,21670,0.40484794933529367,0.20346729937134753,0.1619240569102446,"Josei, Coming of Age, Fashion, Female Protagonist, Heterosexual",
86283,Harem Marriage,JP,2014,60.0,12731,0.4047765551590176,0.17889384187640947,0.15266150813172716,"Female Harem, Marriage, Polyamorous, Nudity, Tsundere",
138655,Author of My Own Destiny,KR,2021,75.0,13270,0.4047621755367197,0.27513598158933467,0.2974187180070836,"Isekai, Female Protagonist, Full Color, Villainess, Anti-Hero",
179445,Solo Leveling: Ragnarok,KR,2024,75.0,30597,0.40457548701656626,0.34341297710866026,0.5491672709535791,"Full Color, Super Power, Male Protagonist, Urban Fantasy, War",
127778,"Don't Blush, Sekime-san!",JP,2021,67.0,12097,0.4043399319007671,0.07185892753275053,0.21727150505966736,"Slapstick, Male Protagonist, Heterosexual, School, Shounen",
113258,Charlotte and Her 5 Disciples,KR,2019,69.0,7406,0.40428257902199055,0.2127687937776786,0.25243083790209914,"Female Protagonist, Full Color, Magic, Demons, Age Regression",
118655,Slave B,KR,2020,65.0,7376,0.4041038701016379,0.3132058281154874,0.43509286499989963,"School, Magic, Slavery, Love Triangle, Full Color",
33042,SoreMachi: And Yet the Town Moves,JP,2005,82.0,6067,0.4036745580210459,0.1791964012537236,0.15775145938570362,"Achronological Order, Seinen, Female Protagonist, Episodic, Surreal Comedy",
155618,The Great Wizard Transcendent,KR,2022,70.0,10285,0.4035787906421045,0.36665350664725926,0.5004634408659083,"Magic, Full Color, Male Protagonist, Age Regression, Demons",
108984,Versatile Mage,CN,2018,66.0,11318,0.403469208479289,0.26226344583271255,0.4349770510658012,"Magic, Full Color, Male Protagonist, School, Isekai",
168287,The Mage: Swallowed the Dragon,KR,2023,66.0,10242,0.40323476021649457,0.3208047349528832,0.4742819746089293,"Dragons, Magic, Full Color, Male Protagonist, Age Regression",
126733,Limit Breaker,KR,2020,67.0,12444,0.4032082013935825,0.3392946188535502,0.5467235639051415,"Primarily Adult Cast, Male Protagonist, Full Color, Time Skip, Dungeon",
87468,"Kuzumi-kun, Can't You Read the Room?",JP,2015,73.0,16877,0.4031888836795351,0.03986917400862426,0.16071774598182675,"School, Tsundere, Primarily Teen Cast, Female Protagonist, Shounen",
152608,Enrolling in the Transcendent Academy,KR,2022,71.0,10738,0.4029602742481041,0.3005684189469048,0.5332405400313012,"Full Color, Male Protagonist, Dungeon, Long Strip",
86737,Hatsukoi Zombie,JP,2015,72.0,8811,0.402646345522374,0.06089372252964402,0.23300652547549644,"School, Primarily Female Cast, Primarily Teen Cast, Crossdressing, Love Triangle",
174104,The Archmage’s Restaurant,KR,2023,75.0,9709,0.4026011446830931,0.2689550435802302,0.423287820519306,"Heterosexual, Magic, Full Color, Male Protagonist, Food",
142352,Best Teacher Baek,KR,2021,75.0,9376,0.4025646190579117,0.2126098245471248,0.409251507444792,"Teacher, Male Protagonist, Martial Arts, Full Color, Wuxia",
105429,Random Chat,KR,2017,72.0,11237,0.4024556149296947,0.2573685850219203,0.4003929532736325,"School, Male Protagonist, Tragedy, Bullying, Gangs",
151212,The Holy Power of Modern Medicine,KR,2022,67.0,8576,0.40221365271868287,0.30232347343308297,0.5475584376990544,"Isekai, Full Color, Male Protagonist, Magic, Medicine",
31649,LIAR GAME,JP,2005,78.0,32586,0.4016474235185138,0.31572588589867784,0.25068744841280804,"Gambling, Seinen, Primarily Adult Cast, Female Protagonist, Cult",
97852,Komi Can't Communicate,JP,2016,77.0,104721,0.40161889404794043,0.12710158051886902,0.21934076421470228,"School, Coming of Age, Kuudere, Ensemble Cast, Episodic",
31600,Black Jack,JP,1973,81.0,9257,0.4014931096757556,0.21595024654941541,0.34237151793553267,"Episodic, Male Protagonist, Medicine, Work, Ghost",
180647,Kimi wa Yotsuba no Clover,JP,2024,74.0,7274,0.40146496436617873,0.22622497638848524,0.23826174683299933,"Bullying, Revenge, Time Manipulation, Suicide, Primarily Teen Cast",
183285,Absolute Reign,KR,2024,75.0,6980,0.4010597239026632,0.24409236880342233,0.5019496325209255,"Martial Arts, Full Color, Male Protagonist, Swordplay, Wuxia",
117964,Garbage Brave: Isekai ni Shoukan Sare Suterareta Yuusha no Fukushuu Monogatari,JP,2019,64.0,7320,0.4003579693871579,0.35699614625989473,0.5715321616956784,"Male Protagonist, Isekai, Food, Anti-Hero, Revenge",
86734,Takane & Hana,JP,2014,75.0,8924,0.40018842201659227,0.023074124160790646,0.046465841028935126,"Shoujo, Female Protagonist, Age Gap, Work, School",
100991,ACT-AGE,JP,2018,81.0,27050,0.3997791774790499,0.18653466476402705,0.23610560247093065,"Acting, Work, Female Protagonist, Coming of Age, Filmmaking",
110042,I Am the Sorcerer King,KR,2019,71.0,18932,0.3997570041731607,0.33199176583248413,0.4976620889773895,"Magic, Full Color, Alternate Universe, Artificial Intelligence, Survival",
143056,The Return of the Disaster-Class Hero,KR,2021,75.0,36128,0.399634656365281,0.36571191995735786,0.5200648495462685,"Anti-Hero, Male Protagonist, Revenge, Gods, Full Color",
152654,The Dungeon Cleaning Life of a Once Genius Hunter,KR,2022,67.0,6936,0.3994622697401201,0.2649474224692391,0.48137005684037115,"Full Color, Time Manipulation, Male Protagonist, Dungeon, Anti-Hero",
150319,Return of the War God,KR,2022,75.0,11551,0.39925862443833104,0.31457346686150034,0.4827319831824929,"Adoption, Wuxia, Found Family, Cultivation, Full Color",
106983,"Arasa Dakedo, Hatsukoi desu.",JP,2018,73.0,9517,0.39911928169099564,0.12862036194368748,0.17883682841933704,"Josei, Heterosexual, Male Protagonist, Female Protagonist, Ensemble Cast",
85533,Teasing Master Takagi-san,JP,2012,79.0,30195,0.3990419216866188,0.05899029771212816,0.1298632456806058,"School, Achronological Order, Slapstick, Primarily Child Cast, Heterosexual",
173233,A Flame Reborn,KR,2024,72.0,10399,0.39896400644997176,0.30129662832048903,0.5323471207946013,"Full Color, Male Protagonist, Age Regression, Long Strip",
112222,My Lovey-Dovey Wife is a Stone Cold Killer,JP,2019,68.0,8223,0.3989176060266638,0.13582440087289532,0.13635796477078663,"Family Life, Kuudere, Episodic, Heterosexual, Assassins",
73967,One Week Friends,JP,2011,72.0,6473,0.39891453206030064,0.10316082885128552,0.16768614282671312,"School, Amnesia, 4-koma, Shounen",
168337,The Strongest Evolutionary Necromancer,JP,2023,74.0,8219,0.39865636234790086,0.392752032916062,0.5250942022069616,"Magic, Necromancy, Full Color, Male Protagonist, Isekai",
98188,Cheerful Amnesia,JP,2016,73.0,12036,0.3985415937291439,0.1322176550516071,0.11673608434942997,"Yuri, Amnesia, Female Protagonist, Primarily Adult Cast, Primarily Female Cast",
52638,Velvet Kiss,JP,2009,66.0,15051,0.39824953823548204,0.28006839194993627,0.21681745353648288,"Nudity, Seinen, Netorare, Heterosexual, Work",
167423,Noa-senpai wa Tomodachi.,JP,2023,69.0,8619,0.39820080674008146,0.20584527190654062,0.2192874507654338,"Office Lady, Male Protagonist, Seinen, Heterosexual, Primarily Adult Cast",
101625,Berserk of Gluttony,JP,2018,66.0,19651,0.3980406756074011,0.308851190245573,0.5513836647120463,"Shounen, Male Protagonist, Revenge, Female Harem",
100494,Neeko wa Tsurai yo,JP,2017,69.0,8410,0.3979406288501284,0.12838700261239114,0.22750874009402539,"Hikikomori, Female Protagonist, Primarily Adult Cast, Otaku Culture, Tragedy",
120806,A Villainess for the Tyrant,KR,2020,72.0,8263,0.39790540227558263,0.1706812943307439,0.23729075019538357,"Female Protagonist, Isekai, Royal Affairs, Full Color, Heterosexual",
101808,Combatants Will Be Dispatched!,JP,2018,70.0,7543,0.39788429516152424,0.3409533676568366,0.48543854662936153,"Anti-Hero, Alternate Universe, Female Harem, Isekai, Nudity",
111133,Back to School,KR,2018,73.0,5877,0.39778327245942774,0.12259927523646154,0.20379067943043763,"Boys' Love, Male Protagonist, School, Love Triangle, Delinquents",
120067,Futari Escape,JP,2019,74.0,6612,0.39773851114586417,0.08916474094231462,0.10837185077336886,"Iyashikei, Female Protagonist, Primarily Adult Cast, Travel, Episodic",
168187,"Ore Igai Dare mo Saishu Dekinai Sozai nano ni ""Sozai Saishuritsu ga Hikui"" to Pawahara Suru Osananajimi Renkinjutsushi to Zetsuen Shita Senzoku Madoushi, Henkyou no Machi de Slow Life wo Okuritai.",JP,2023,67.0,6548,0.39747938628564666,0.3292815219848926,0.47585882879105545,"Seinen, Alchemy, Male Protagonist, Magic, Slapstick",
98175,Plus-Sized Elf,JP,2016,66.0,10279,0.39732549900994163,0.26321661806092544,0.25746271753492733,"Elf, Fitness, Monster Girl, Kemonomimi, Mermaid",
164222,Chronicles of the Demon Faction,KR,2023,76.0,12457,0.397125479659179,0.2048196188740967,0.42333929820046623,"Wuxia, Martial Arts, Reincarnation, Cultivation, Full Color",
101715,"Saving 80,000 Gold in Another World for my Retirement",JP,2017,70.0,6506,0.39696540829827653,0.304544149444257,0.40323195466238554,"Economics, Isekai, Female Protagonist, War, Magic",
41734,Watashitachi no Shiawase na Jikan,JP,2008,80.0,30325,0.3969382325491769,0.366569243628731,0.2910480127891428,"Tragedy, Female Protagonist, Seinen, Rehabilitation, Philosophy",
121276,The First Night With the Duke,KR,2020,77.0,10203,0.39681276528564596,0.21253559807482253,0.32409357129678756,"Full Color, Heterosexual, Primarily Adult Cast, Isekai, Female Protagonist",
116170,Veil,JP,2018,87.0,20752,0.39672957970576933,0.1683383317789708,0.1785649973017964,"Heterosexual, Foreign, Primarily Adult Cast, Josei, Disability",
118371,Medalist,JP,2020,88.0,12849,0.39669277867171165,0.3259452592921182,0.27288694092709465,"Ice Skating, Seinen, Coming of Age, Female Protagonist, Teacher",
87208,Our Dreams at Dusk: Shimanami Tasogare,JP,2015,84.0,36505,0.3966646009724119,0.3361316995402409,0.2633604902156601,"LGBTQ+ Themes, Coming of Age, Found Family, Seinen, Male Protagonist",
153432,The Reaper,KR,2022,78.0,21214,0.3964554789631148,0.3969243442614829,0.56635247397571,"Anti-Hero, Assassins, Revenge, War, Femboy",
163820,"Han Daesung, Back From Hell",KR,2023,64.0,6110,0.39645050284320876,0.24315836047039147,0.4582806245412985,"Full Color, Male Protagonist, Long Strip",
100959,Siscon Ani to Brocon Imouto ga Shoujiki ni Nattara,JP,2017,65.0,6744,0.39636742908795025,0.16721004596828748,0.25247769401288433,"Incest, Heterosexual, Male Protagonist, Family Life, Love Triangle",
111075,A Stepmother’s Märchen,KR,2019,82.0,18690,0.39625678046016827,0.2645543793153507,0.2837260503614788,"Family Life, Female Protagonist, Full Color, Foreign, Age Regression",
114003,"Run Away With Me, Girl",JP,2018,81.0,14066,0.39616958643480654,0.14841399197598082,0.1250842108519106,"Yuri, Josei, LGBTQ+ Themes, Female Protagonist, Primarily Female Cast",
112378,She Is Also Cute Today,CN,2019,77.0,11477,0.39612622085724736,0.058337155494216704,0.10680156955109166,"School, Yuri, Full Color, Female Protagonist, LGBTQ+ Themes",
103252,One Piece: Shokugeki no Sanji,JP,2018,70.0,6784,0.39589977671606824,0.07171570904477981,0.23193051422237543,"Food, Episodic, Male Protagonist, Pirates, Shounen",
87315,Hajimete no Gal,JP,2015,61.0,17685,0.39568114121160447,0.12457807979844954,0.24145364427119964,"Gyaru, School, Shounen, Heterosexual, Male Protagonist",
107128,The Abandoned Empress,KR,2017,61.0,8782,0.39566529114585625,0.2706744618868019,0.3639177010688856,"Tragedy, Full Color, Male Harem, Female Protagonist, Isekai",
172583,Reincarnator,KR,2023,69.0,7209,0.3955082464661744,0.28179584571319166,0.4980500122616789,"Full Color, Male Protagonist, Age Regression, Super Power, Long Strip",
142320,"She Loves to Cook, and She Loves to Eat",JP,2021,82.0,6871,0.3948874043465673,0.05665971044969635,0.06430676237795661,"Food, Yuri, LGBTQ+ Themes, Female Protagonist, Josei",
141626,Manager Kim,KR,2021,72.0,9297,0.39453304405237655,0.23952943658461925,0.4330640219348475,"Male Protagonist, Full Color, Bullying, Long Strip",
42586,Cage of Eden,JP,2008,71.0,13080,0.3940884088558003,0.2519083470103261,0.4827238239636364,"Survival, Chimera, Nudity, Primarily Teen Cast, Male Protagonist",
118993,"Miki-san, Daisuki desu!",JP,2019,68.0,5820,0.3939778246098976,0.13234967783974988,0.10377901160104938,"Gyaru, School, Seinen, Heterosexual, Primarily Teen Cast",
85471,Eromanga Sensei,JP,2014,64.0,5999,0.39389752325391725,0.10171500831134218,0.18928102469967478,"Nudity, Otaku Culture, Inseki, Female Harem, Family Life",
101419,Mortals of the Doom,CN,2018,67.0,10165,0.39352680802107215,0.23437339243355904,0.4516966008913199,"Zombie, Survival, Full Color, Pandemic, Post-Apocalyptic",
106232,Still Sick,JP,2018,76.0,8510,0.3935053993032675,0.05754226570886391,0.04987693378943897,"Yuri, Drawing, LGBTQ+ Themes, Female Protagonist, Primarily Adult Cast",
114646,Young Ladies Don’t Play Fighting Games,JP,2020,71.0,6667,0.39332175144254766,0.1534878768627289,0.13901994225599337,"Female Protagonist, Video Games, Primarily Female Cast, School, Ojou-sama",
107254,Walk on Water,KR,2018,78.0,6026,0.3932715715933801,0.209712851518697,0.2211540742849752,"Boys' Love, Full Color, Primarily Male Cast, Primarily Adult Cast, Nudity",
30591,High School Debut,JP,2003,76.0,11488,0.3931429936540612,0.1325630318083347,0.14957677395098984,"Shoujo, School, Heterosexual, Female Protagonist, Love Triangle",
129796,Villain Duke's Precious One,KR,2021,67.0,6472,0.3926619338577112,0.26509121646364064,0.34038369169558363,"Isekai, Full Color, Female Protagonist, Royal Affairs, Magic",
103294,"Banished from the Hero's Party, I Decided to Live a Quiet Life in the Countryside",JP,2018,69.0,10348,0.3926569766181991,0.2335857036504348,0.3215923681051083,"Heterosexual, Iyashikei, Medicine, Magic, Demons",
30160,School Rumble,JP,2002,78.0,6209,0.39243796277757875,0.02478914335111278,0.1264761970558449,"School, Love Triangle, Ensemble Cast, Delinquents, Drawing",
116333,I Have a Crush at Work,JP,2019,75.0,14725,0.3924234051502497,0.1920318601631784,0.19136751479740347,"Office Lady, Office, Heterosexual, Primarily Adult Cast, Seinen",
171818,Necromancer Academy and the Genius Summoner,KR,2023,68.0,7349,0.3923304528733013,0.24919501353176415,0.4809355072068225,"Necromancy, Full Color, Male Protagonist, School, Magic",
33102,GIRL FRIENDS,JP,2006,77.0,13323,0.3923193789318152,0.20257471011868664,0.1592146090561028,"Yuri, Primarily Teen Cast, Primarily Female Cast, Female Protagonist, Coming of Age",
80767,Real Girl,JP,2011,71.0,7663,0.3922704826332404,0.1911881762875654,0.22645480329013318,"Shoujo, Primarily Teen Cast, School, Otaku Culture, Love Triangle",
86206,Hitoribocchi no Marumaru Seikatsu,JP,2013,79.0,10856,0.3915275875176101,0.1170433748591464,0.11754590062106435,"School, 4-koma, Primarily Female Cast, Female Protagonist, Cute Girls Doing Cute Things",
100143,Peter Grill and the Philosopher’s Time,JP,2017,60.0,5876,0.3914878494613488,0.26054136927698635,0.28401068153121645,"Female Harem, Male Protagonist, Monster Girl, Seinen, Nudity",
85419,Ojojojo,JP,2012,72.0,6469,0.3913897182402853,0.14592728692802312,0.11722047181433708,"4-koma, School, Female Protagonist, Ojou-sama, Seinen",
143719,Dealing with Mikadono Sisters Is a Breeze,JP,2021,77.0,11777,0.39132217985706236,0.13355311589455232,0.27085341116623046,"Male Protagonist, Heterosexual, Tomboy, Female Harem, Shounen",
106662,"Welcome to Japan, Ms. Elf!",JP,2018,73.0,9255,0.39130031085416545,0.15833792024775933,0.21754211795005013,"Elf, Male Protagonist, Reverse Isekai, Food, Language Barrier",
31766,The Music of Marie,JP,1999,78.0,6881,0.39089386613261784,0.37367263762057257,0.3409105424373565,"Philosophy, Steampunk, Lost Civilization, Seinen, Gods",
128448,Glasses With a Chance of Delinquent,JP,2021,76.0,12852,0.3907891463196751,0.09992121807478276,0.12680041230466382,"Shoujo, Heterosexual, Delinquents, Female Protagonist, School",
99703,If I Could Reach You,JP,2016,71.0,9607,0.39068833114226803,0.1418495259168445,0.12636001238999114,"Yuri, Family Life, Female Protagonist, Unrequited Love, Love Triangle",
99905,Make Me Bark,KR,2017,68.0,6571,0.3904350220391107,0.09326381236800618,0.1632349609516096,"Full Color, Boys' Love, Human Pet, Nudity, Male Protagonist",
86637,GANTZ:G,JP,2015,61.0,6014,0.39036840262300926,0.2883413313962077,0.3849525988401948,"Seinen, Survival, Aliens, Gore, Guns",
140896,Seoul Station's Necromancer,KR,2021,68.0,13223,0.3902596095959879,0.3065555395195778,0.5442486567169726,"Necromancy, Male Protagonist, Full Color, Dungeon, Magic",
145493,Sex Study Group,KR,2022,76.0,6235,0.39021228143492515,0.17413067751824854,0.1799001030323818,"Female Harem, Nudity, Ahegao, Full Color, Teacher",
164303,Maria no Danzai,JP,2023,67.0,11604,0.39012906001686737,0.2992016926293197,0.2775723192287628,"Revenge, Female Protagonist, Bullying, Seinen, Torture",
118848,I’m Capped at Level 1?! Thus Begins My Journey to Become the World’s Strongest Badass!,JP,2020,60.0,5850,0.39005650491754434,0.3989949940513383,0.5071015936035069,"Seinen, Elf, Nudity, Female Harem, Gore",
155967,Yongsa High: Dungeon Raiders,KR,2022,75.0,11613,0.3900259915769735,0.28550744203957934,0.482843213357686,"Male Protagonist, Full Color, Long Strip",
141013,How to Win My Husband Over,KR,2021,81.0,19034,0.3900147338337002,0.23691512425239153,0.3096223552257013,"Primarily Adult Cast, Female Protagonist, Marriage, Full Color, Heterosexual",
103854,Light and Shadow,KR,2016,77.0,11245,0.3900125196613713,0.31805299051724595,0.3677472772415018,"Female Protagonist, Fugitive, Heterosexual, Politics, Royal Affairs",
111297,Rengoku no Toshi,JP,2019,62.0,6210,0.38984034311825966,0.18334645463160423,0.3178392553134184,"Memory Manipulation, Conspiracy, Artificial Intelligence, Virtual World, Amnesia",
145525,Dreaming Freedom,KR,2021,74.0,10609,0.389506106610746,0.21925475269207761,0.27611171230007836,"Bullying, Primarily Teen Cast, Heterosexual, Yandere, Revenge",
36164,My Girl,JP,2006,82.0,11588,0.389323765459925,0.23448007066743382,0.20731828004906738,"Seinen, Family Life, Male Protagonist, Iyashikei, Parenthood",
161477,Zenbu Kowashite Jigoku de Aishite,JP,2023,77.0,7640,0.3888679479691275,0.16606277518050033,0.1209492002378682,"Yuri, LGBTQ+ Themes, Psychosexual, Blackmail, Bullying",
98351,Laid-Back Camp,JP,2015,83.0,11316,0.3885462817480527,0.11850550413291665,0.1102225287746948,"Outdoor Activities, Cute Girls Doing Cute Things, Primarily Female Cast, Iyashikei, Travel",
165202,Agui Deunggyo,KR,2023,74.0,7440,0.3884148432061519,0.39256056461121736,0.4696982133920545,"Tragedy, Revenge, Male Protagonist, Bullying, Age Regression",
117271,Na Honja Jadongsanyang,KR,2019,65.0,5958,0.3883579283211964,0.2262135232128623,0.49209610184847163,"Full Color, Male Protagonist, Artificial Intelligence, Super Power, Urban Fantasy",
122192,My Tiny Senpai,JP,2020,69.0,5956,0.38813918511139645,0.1712129346566906,0.17249404909998606,"Work, Primarily Adult Cast, Seinen, Male Protagonist, Office Lady",
96767,Honey Lemon Soda,JP,2015,76.0,11645,0.388056794157294,0.14220991961118895,0.11918647272116231,"Shoujo, School, Female Protagonist, Primarily Teen Cast, Rehabilitation",
120768,Let's Do It Already!,JP,2020,73.0,11294,0.38796226642032067,0.07229825223770321,0.12341336872696147,"Female Protagonist, Heterosexual, Shoujo, Gyaru, School",
71769,Pink,JP,1989,77.0,7651,0.3878840062860618,0.20470896658753948,0.20554373919188215,"Josei, Prostitution, Female Protagonist, Nudity, Tragedy",
126944,She's Hopeless,KR,2020,73.0,6329,0.38778662186675245,0.14456127354074913,0.2192957808832579,"Denpa, Tsundere, Male Protagonist, Full Color, Bullying",
105004,Meguro-san wa Hajimete Janai,JP,2018,66.0,9770,0.38771677176291897,0.21219538828343176,0.19362368712883854,"Female Protagonist, Heterosexual, Male Protagonist, Rehabilitation, Seinen",
120385,Log-in Murim,KR,2020,80.0,22328,0.3876547799809447,0.27872946835171386,0.5067719320891818,"Martial Arts, Cultivation, Wuxia, Virtual World, Male Protagonist",
148082,I Made Friends with the Second Prettiest Girl in My Class,JP,2022,79.0,12263,0.3873249412313414,0.16497058359659283,0.13253936042046388,"Heterosexual, Seinen, School, Primarily Teen Cast, Full Color",
130660,What It Means to Be You,KR,2021,69.0,5960,0.38726433312886455,0.23727784242169836,0.31478995826795464,"Heterosexual, Body Swapping, Tragedy, Suicide, Primarily Adult Cast",
86218,Bloom Into You,JP,2015,86.0,63888,0.38723139843172244,0.13616709312446873,0.19410043271701305,"Yuri, Female Protagonist, Coming of Age, School, Primarily Teen Cast",
142372,I Raised a Black Dragon,KR,2021,74.0,7638,0.38662036738203787,0.11295262286511827,0.17975080399983603,"Female Protagonist, Isekai, Crime, Detective, Dragons",
107282,Shikimori's Not Just a Cutie,JP,2018,74.0,39770,0.3859986243895957,0.09479158995009414,0.21185158978012292,"Heterosexual, School, Male Protagonist, Female Protagonist, Episodic",
101122,Yakedo Shoujo,JP,2017,59.0,7172,0.38593682330603274,0.3697940682668365,0.33535817601231804,"Tragedy, Suicide, Female Protagonist, Gore, Seinen",
138766,Extraordinary Evolution,CN,2021,64.0,6369,0.385604272538898,0.26949067948999933,0.514842281743024,"Male Protagonist, Full Color, Super Power, College",
172166,The Apothecary Prince,KR,2023,66.0,7805,0.38522226494820677,0.23441063178419702,0.3835601376910803,"Animals, Swordplay, Full Color, Male Protagonist, Medicine",
97836,Mousou Telepathy,JP,2016,72.0,12866,0.3848837295102729,0.08960939289078841,0.20009406460166404,"4-koma, Female Protagonist, Super Power, School, Heterosexual",
154008,The Fed-Up Office Lady Wants to Serve the Villainess,JP,2022,76.0,5981,0.3846122503181191,0.16903476121560806,0.1681998043076649,"Yuri, Isekai, Villainess, Office Lady, Magic",
33713,Bartender,JP,2004,78.0,6251,0.38456047699449547,0.290788120221263,0.27577093446379863,"Bar, Seinen, Primarily Adult Cast, Episodic, Iyashikei",
30107,Chobits,JP,2000,75.0,15721,0.3844978283019421,0.2336419439607067,0.2416813781183398,"Robots, Artificial Intelligence, Male Protagonist, Seinen, Urban",
176845,The Executioner,KR,2024,70.0,7703,0.384428159588905,0.3529748857709013,0.4836971319451335,"Anti-Hero, Revenge, Criminal Organization, Magic, Full Color",
120977,You're My Cutie!!,JP,2020,76.0,6719,0.3843303585464474,0.027215951731586936,0.024106292102721177,"Work, Shoujo, Tsundere, Heterosexual, School",
108105,When Will Ayumu Make His Move?,JP,2019,74.0,20601,0.38416391977338915,0.0769639025349645,0.21428772032463128,"Heterosexual, Male Protagonist, School Club, Shounen, Female Protagonist",
139465,Boroboro no Elf-san wo Shiawase ni Suru Kusuriuri-san,JP,2021,74.0,8661,0.38415481572381105,0.3284598519771973,0.31371022918708297,"Elf, Rehabilitation, Heterosexual, Magic, Male Protagonist",
183376,Chronicles of a Doomed Prodigy,KR,2024,75.0,6884,0.3841223253843745,0.3003420278968642,0.5413110133937866,"Cultivation, Full Color, Male Protagonist, Martial Arts, Wuxia",
58226,Bonnouji,JP,2008,75.0,14583,0.38410647307491275,0.2081824614024915,0.1635191565434911,"Seinen, Primarily Adult Cast, Office Lady, Heterosexual, Iyashikei",
51614,Blood Lad,JP,2009,72.0,17032,0.38406389227545623,0.2527016554549545,0.3867768165099046,"Demons, Seinen, Vampire, Ghost, Werewolf",
66213,Monster Musume,JP,2012,72.0,20747,0.3838850903791131,0.27257885544105315,0.2759168559534214,"Monster Girl, Female Harem, Seinen, Nudity, Large Breasts",
97207,The Two Faces of Misaki Hoshino.,JP,2016,65.0,6013,0.3838568252282317,0.04013207267705453,0.19291824039866154,"School, Love Triangle, Bullying, Shounen, Male Protagonist",
86044,Sweetness and Lightning,JP,2013,79.0,10173,0.383694417547626,0.17421262555261596,0.1651428626620333,"Food, Family Life, Iyashikei, Seinen, Tragedy",
177982,The Last Adventurer,KR,2024,71.0,10975,0.3835640320005594,0.3774467966349724,0.536289190909564,"Age Regression, Full Color, Male Protagonist, Magic, Dungeon",
30145,BECK,JP,2000,86.0,31967,0.38346986955706597,0.15088207174187204,0.2630749796880023,"Band, Coming of Age, Rock Music, Male Protagonist, Primarily Male Cast",
122110,Appaga Nomu Kangham,KR,2020,71.0,10011,0.3833836414621478,0.22231207410364662,0.4133287952672571,"Foreign, Urban Fantasy, Cultivation, Work, Martial Arts",
97675,Drifting Dragons,JP,2016,76.0,8909,0.38317415610632327,0.3906478046693984,0.4533805642496723,"Dragons, Food, Aviation, Travel, Seinen",
98674,Downfall,JP,2017,71.0,14354,0.38288036424372723,0.33182111594856945,0.2629266050222536,"Work, Drawing, Seinen, Male Protagonist, Primarily Adult Cast",
33048,Kiss x Sis,JP,2005,67.0,10845,0.3828598172396071,0.20101936655332914,0.19168609807835285,"Female Harem, Heterosexual, Nudity, Twins, Masturbation",
86855,Infection,JP,2015,55.0,6282,0.38285706559302735,0.2275788510679556,0.39392025002388764,"Shounen, Zombie, Post-Apocalyptic, Male Protagonist, Female Harem",
31023,The Ghost in the Shell,JP,1989,74.0,14820,0.3828432657379306,0.30114531182429655,0.3338941436721818,"Cyberpunk, Artificial Intelligence, Politics, Cyborg, Robots",
47517,Steins;Gate,JP,2009,76.0,7710,0.3826538671057009,0.2501974736551068,0.3170285635486562,"Time Manipulation, Male Protagonist, Seinen, Tragedy, Software Development",
30442,Tekkonkinkreet: Black & White,JP,1993,78.0,7231,0.3824913670221996,0.33360718898293457,0.41755536649795,"Seinen, Coming of Age, Gangs, Male Protagonist, Urban",
112203,The Kingdoms of Ruin,JP,2019,66.0,8776,0.3824822377666465,0.41372834364573896,0.5198724098677803,"Revenge, Magic, Male Protagonist, Heterosexual, Urban Fantasy",
107987,Whisper Me a Love Song,JP,2019,80.0,28181,0.38242286839149436,0.10169799044519186,0.1066718310460341,"Yuri, Primarily Female Cast, Female Protagonist, Band, LGBTQ+ Themes",
126769,Sora & Haena,KR,2020,75.0,6627,0.382143677195884,0.06838132866080117,0.09802900703487477,"Full Color, Yuri, LGBTQ+ Themes, School, Primarily Female Cast",
145134,The Divine Surgeon,KR,2022,74.0,5929,0.3817798302396721,0.2107964232153547,0.4425775035626205,"Full Color, Male Protagonist, Medicine, Work, Reincarnation",
96775,"Ascendance of a Bookworm ~I'll do anything to become a librarian!~ Part 1 If there aren't any books, I'll just have make some!",JP,2015,77.0,8142,0.38115336897242336,0.10673624108780261,0.13228388876357627,"Female Protagonist, Isekai, Reincarnation, Medieval, Economics",
160001,Past Life Returner,KR,2022,68.0,6286,0.3810767117979954,0.26503589440696895,0.44378187625248067,"Economics, Full Color, Male Protagonist, Dungeon",
82277,Sword Art Online Progressive,JP,2013,76.0,6732,0.3810568520036848,0.2942973949826524,0.4476290105260214,"Isekai, Virtual World, Seinen, Swordplay, Death Game",
106176,Otherside Picnic,JP,2018,79.0,7048,0.3807273909237881,0.2881307505476741,0.4490440588696655,"Cosmic Horror, Alternate Universe, Female Protagonist, Primarily Adult Cast, Yuri",
30124,Aqua,JP,2001,77.0,8947,0.3807215559504546,0.1328481454126952,0.1708140096760088,"Work, Primarily Female Cast, Iyashikei, Female Protagonist, Foreign",
87211,Accomplishments of the Duke's Daughter,JP,2015,75.0,9018,0.3806286602472781,0.25404782466866216,0.2292971401723951,"Female Protagonist, Politics, Economics, Villainess, Reincarnation",
143379,A STORY OF AN UTTERLY ORDINARY COUPLE,JP,2020,73.0,5823,0.38041076075166474,0.1057598517450258,0.1281352923603672,"Heterosexual, Family Life, Primarily Adult Cast, Female Protagonist, Male Protagonist",
120907,The Undefeatable Swordsman,KR,2020,71.0,9228,0.3804014658736137,0.19208361941724622,0.4613041294286183,"Martial Arts, Wuxia, Full Color, Male Protagonist, Swordplay",
85407,Bocchi na Bokura no Renai Jijou,JP,2013,68.0,6287,0.3803569024400959,0.18381674628641753,0.1488740403144436,"School, Tsundere, Heterosexual, Seinen, Family Life",
139958,Baroness Goes on Strike,KR,2021,72.0,6918,0.38006868591592047,0.14844677821044508,0.18856568451621364,"Heterosexual, Royal Affairs, Female Protagonist, Age Regression, Arranged Marriage",
160980,Log Into The Future,CN,2023,72.0,13680,0.37994775060229297,0.2553396183284404,0.46522865218327747,"Full Color, Cultivation, Aliens, Male Protagonist, Martial Arts",
66413,Hinamatsuri,JP,2010,83.0,23422,0.37982297243352753,0.22092206552785593,0.29707360338489575,"Adoption, Surreal Comedy, Found Family, Slapstick, Family Life",
58091,My Neighbor Seki,JP,2010,75.0,6269,0.3796320218933574,0.12150928663872833,0.10320638006961046,"School, Episodic, Female Protagonist, Seinen",
103270,Our Dining Table,JP,2015,82.0,9344,0.37962453144439984,0.1300792230392143,0.1366856054276905,"Food, Family Life, Boys' Love, Male Protagonist, Found Family",
113326,Robber X Lover,KR,2019,79.0,7572,0.379417482644282,0.1279836598048667,0.19559050506698272,"Male Protagonist, Boys' Love, Full Color, College, LGBTQ+ Themes",
126768,Black Sesame Salt and Custard Pudding,JP,2018,78.0,8376,0.37929244207459056,0.06370065064394537,0.07704908071575857,"Age Gap, Josei, Primarily Adult Cast, Heterosexual, Marriage",
113984,Jii-san Baa-san Wakagaeru,JP,2019,71.0,9098,0.37922851412075653,0.21337511129042142,0.1934848156674659,"Age Regression, Episodic, Rural, Primarily Adult Cast, Family Life",
180890,Shadow of the Supreme,KR,2024,75.0,13815,0.3789396278167567,0.2813632306638744,0.5321589189515059,"Martial Arts, Male Protagonist, Full Color, Female Harem, Age Regression",
158706,The Perks of Being a Villainess,KR,2022,78.0,10870,0.37891082295028505,0.1322100447636703,0.1823838061347088,"Villainess, Female Protagonist, Ojou-sama, Magic, Full Color",
100444,Shigahime,JP,2016,66.0,9690,0.37887826867414864,0.37086129185545547,0.39443641504581856,"Gore, Tragedy, Love Triangle, Body Horror, Seinen",
109269,"What's Wrong with You, Duke?",KR,2019,72.0,8545,0.3785408902099132,0.18358034418702526,0.24142281497630494,"Magic, Full Color, Age Regression, Royal Affairs, Long Strip",
180891,Absolute Regression,KR,2024,81.0,14773,0.3785110078734523,0.3233158589056089,0.5063984499317296,"Martial Arts, Cult, Male Protagonist, Swordplay, Wuxia",
156563,Someone's Girlfriend,JP,2022,57.0,6545,0.3777791943968813,0.1794511228651205,0.3147951777701169,"Netori, School, Male Protagonist, Tragedy, Love Triangle",
133963,Legend of Sayu,KR,2021,75.0,6121,0.37762751386269305,0.36924525537853525,0.5700981118744157,"Martial Arts, Wuxia, Politics, Revenge, Primarily Adult Cast",
34514,"Kyou, Koi wo Hajimemasu",JP,2007,69.0,6108,0.37754046565433264,0.11357903679819875,0.10951000436048136,"Shoujo, School, Female Protagonist, Bullying, Primarily Teen Cast",
33572,Gambling Apocalypse Kaiji,JP,1996,83.0,10449,0.37722918214169787,0.3249365094749393,0.33404921024037143,"Gambling, Seinen, Survival, Primarily Adult Cast, Primarily Male Cast",
101626,We Know Nothing About Love,JP,2017,71.0,6450,0.37720483044503256,0.1760443772550914,0.19492720258656998,"School, Female Protagonist, Male Protagonist, Heterosexual, 4-koma",
136109,The Moon on a Rainy Night,JP,2021,85.0,10677,0.3770665332865807,0.20941134681535836,0.14714556889166314,"Yuri, Female Protagonist, Disability, LGBTQ+ Themes, Primarily Female Cast",
112544,Kowloon Generic Romance,JP,2019,77.0,19594,0.3766715089394336,0.2558565730411014,0.22497930988801604,"Clone, Female Protagonist, Amnesia, Seinen, Memory Manipulation",
123582,The Executed Sage Who Was Reincarnated as a Lich and Started an All-Out War,JP,2020,71.0,10197,0.3766431582635958,0.33674221336982896,0.352334320423926,"Skeleton, Demons, Necromancy, Magic, Revenge",
105747,I Had That Same Dream Again,JP,2017,83.0,15855,0.37645961702075437,0.25990079653817344,0.29968634276008976,"Educational, Female Protagonist, Philosophy, Bullying, Time Manipulation",
125704,Shin no Jitsuryoku wa Girigiri Made Kakushite Iyou to Omou,JP,2020,68.0,6075,0.37639005369794765,0.31866399803666373,0.39797970385316156,"Gods, Seinen, Male Protagonist, Female Protagonist, Magic",
121565,Seasons of Blossom,KR,2020,85.0,18920,0.37619992476045844,0.1896716161862666,0.2560609488915095,"Ensemble Cast, Primarily Teen Cast, Coming of Age, Bullying, Tragedy",
174790,Learning to Love My Cat-like Classmate,JP,2023,78.0,11477,0.37589042646178494,0.12290857498208868,0.10354306736299983,"Heterosexual, Animals, School, Kuudere, Primarily Teen Cast",
86645,Shortcake Cake,JP,2015,73.0,6714,0.3756706171535189,0.12542731803531462,0.12104638145462494,"Shoujo, Love Triangle, Coming of Age, Heterosexual, Female Protagonist",
105011,"More Than a Married Couple, but Not Lovers.",JP,2018,77.0,34565,0.37482580577920077,0.13460339188317183,0.24068123880941913,"Heterosexual, Love Triangle, Gyaru, Male Protagonist, School",
85966,Dagashi Kashi,JP,2014,69.0,10778,0.37454947762442914,0.0,0.10925037339763209,"Food, Rural, Educational, Shounen, Economics",
116774,Sexercise,KR,2019,70.0,8039,0.3742631101581689,0.1362683391930137,0.18279286818347631,"Nudity, Full Color, Fitness, Heterosexual, Male Protagonist",
156477,I Stole the First Ranker’s Soul,KR,2022,76.0,7129,0.37387184593958567,0.24212708842936717,0.4271952032780959,"Female Protagonist, Male Protagonist, Dungeon, Full Color, Ghost",
103184,The Girl with the Sanpaku Eyes,JP,2018,69.0,6734,0.3738612700402911,0.03811577258723846,0.0731426673176909,"Iyashikei, Heterosexual, Female Protagonist, Full Color, School",
107321,Wandance,JP,2019,78.0,8500,0.3737003539546902,0.24884530411601793,0.22834724928611755,"Dancing, Male Protagonist, Female Protagonist, Disability, School Club",
141530,Changes of Heart,JP,2018,74.0,6263,0.3735703332357249,0.09194615596345544,0.09568256391716741,"Primarily Adult Cast, Heterosexual, Josei, Work, Female Protagonist",
123372,Ichaicha Suru to Okane ga Waichau Futari no Hanashi,JP,2019,72.0,6992,0.37344491808401936,0.17194748330977394,0.22886090854529,"Primarily Adult Cast, Heterosexual, Female Protagonist, Male Protagonist, Shoujo",
207769,Soseol Sok Extra,KR,2020,,57,0.3732741510467745,0.335495277009472,0.5258576437159864,"Full Color, Male Protagonist",
117675,The Coppersmith's Bride,JP,2020,74.0,6064,0.37291003418678126,0.17457237994920774,0.12139951970221062,"Seinen, Gyaru, Primarily Adult Cast, Kuudere, Educational",
77102,Aho-Girl: Clueless Girl,JP,2012,66.0,7328,0.37285071537900655,0.029594535445043705,0.13506156833648425,"Slapstick, Primarily Female Cast, Heterosexual, School, 4-koma",
102738,Suicide Boy,KR,2017,68.0,9064,0.37275219625105355,0.16254197722999691,0.2603316716326511,"Hikikomori, Suicide, Full Color, Male Protagonist, Bullying",
98625,Atsumare! Fushigi Kenkyuu-bu,JP,2016,74.0,7048,0.37254487611615056,0.009662201160335518,0.12817963380844183,"School Club, Surreal Comedy, School, Tsundere, Female Harem",
119650,There's No Freaking Way I'll be Your Lover! Unless...,JP,2020,74.0,11110,0.3723540790004035,0.09483304568191861,0.09006352392396522,"Yuri, Polyamorous, Female Protagonist, School, LGBTQ+ Themes",
156193,The Nine Heavens Swordmaster,KR,2022,69.0,11613,0.3723435969357972,0.2697130514424594,0.46441211314845815,"Found Family, Male Protagonist, Full Color, Martial Arts, Wuxia",
86276,Himekishi ga Classmate! THE COMIC,JP,2015,57.0,6876,0.3722857404720793,0.3727006673898765,0.42178954563176985,"Female Harem, Seinen, Slavery, Nudity, Isekai",
125280,The Girl I Saved on the Train Turned Out to Be My Childhood Friend,JP,2020,63.0,7995,0.37203679625904484,0.07285709232662746,0.2142848787294963,"Love Triangle, School, Shounen, Heterosexual, Primarily Teen Cast",
106098,Miss Not-So Sidekick,KR,2017,77.0,8332,0.3719464727138003,0.13608452732860227,0.20863757977822014,"Female Protagonist, Slapstick, Magic, Surreal Comedy, Isekai",
30045,Strawberry 100%,JP,2002,73.0,10534,0.37178231675799867,0.11845964847327836,0.24915855056975905,"Love Triangle, Female Harem, Shounen, School, Male Protagonist",
101072,Wonder Cat Kyuu-chan,JP,2018,80.0,6690,0.3716709055243015,0.14027544702378308,0.1742428449934565,"Iyashikei, Animals, 4-koma, Urban, Family Life",
114627,"Apparently, Disillusioned Adventurers Will Save the World",JP,2019,66.0,6548,0.3714202330065137,0.46637596888620986,0.5291009125175254,"Magic, Male Protagonist, Monster Girl, Witch, Dungeon",
115604,"Nito no Taidana Isekai Shoukougun: Saijaku Shoku ""Healer"" nano ni Saikyou wa Cheat desu ka?",JP,2019,67.0,8658,0.3710594822227058,0.39734904432246093,0.520227387295264,"Seinen, Isekai, Revenge, Anti-Hero, Male Protagonist",
153883,The SSS-Ranker Returns,KR,2022,71.0,13115,0.37105150715918467,0.32392556509013526,0.45828122537998645,"Virtual World, Revenge, Full Color, Age Regression, Male Protagonist",
104503,Trapped in a Dating Sim: The World of Otome Games is Tough for Mobs,JP,2018,73.0,21849,0.37095321405266535,0.23888060064317435,0.4626239569296203,"Male Protagonist, Isekai, Reincarnation, Anti-Hero, Female Harem",
146267,My Wife Is from a thousand Years ago,CN,2022,78.0,10894,0.370861731887406,0.13478400185678177,0.24724915727365548,"Heterosexual, Urban, Reverse Isekai, Marriage, Time Manipulation",
138454,Villainesses Have More Fun,KR,2021,66.0,5883,0.37046512524253156,0.18317091390807072,0.2247619273067525,"Villainess, Female Protagonist, Male Harem, Primarily Adult Cast, Full Color",
164122,Gwihwanhaenneunde Ipdae Jeonnarida,KR,2023,69.0,10650,0.3699673436690068,0.32150209976396604,0.4859673731114684,"Full Color, Male Protagonist, Military, Isekai, Magic",
101700,A Condition Called Love,JP,2017,77.0,15074,0.3698052462495011,0.1443029694683624,0.1171604348660675,"Shoujo, Female Protagonist, Heterosexual, Coming of Age, School",
104699,My Androgynous Boyfriend,JP,2018,70.0,6614,0.3691669941025226,0.09841354255202062,0.11900956615955635,"Fashion, Josei, Primarily Adult Cast, Crossdressing, Office Lady",
143028,Imaizumi Brings All the Gals to His House,JP,2022,72.0,9617,0.36900612177994885,0.15566255751234503,0.16914582560307734,"Female Harem, Gyaru, Seinen, Nudity, Male Protagonist",
128521,Get Schooled,KR,2020,75.0,15543,0.36891997378640884,0.19142640718031442,0.34299634623648184,"Bullying, School, Delinquents, Full Color, Male Protagonist",
99024,Parallel World Pharmacy,JP,2016,70.0,10166,0.36847670017903345,0.16119546161858642,0.31854487708893553,"Magic, Isekai, Medicine, Economics, Male Protagonist",
86898,Interviews with Monster Girls,JP,2014,77.0,11722,0.36823276282159956,0.22764947657749784,0.3007537592842705,"Monster Girl, School, Dullahan, Mythology, Male Protagonist",
76282,Chikan Otoko,JP,2004,81.0,14767,0.36806245854947006,0.27825468907034046,0.2652202119771824,"Male Protagonist, Meta, Seinen, Primarily Adult Cast, Biographical",
55322,Yeol-Ahobseumulhana,KR,2010,72.0,6326,0.3678450873339876,0.14325663306877018,0.14314258758501253,"Coming of Age, Heterosexual, Full Color, Female Protagonist, Primarily Adult Cast",
111168,Handsome Girl and Sheltered Girl,JP,2019,76.0,16794,0.3675707241850805,0.09183572814366588,0.15875006963199573,"Yuri, Female Protagonist, Tomboy, Primarily Adult Cast, LGBTQ+ Themes",
75721,Misu Misou,JP,2007,63.0,7374,0.3675351318834312,0.264016859496061,0.2732552664806469,"Revenge, Bullying, Tragedy, School, Gore",
98522,Teisou Gyakuten Sekai,JP,2016,65.0,7840,0.3674252008188942,0.1697228397376468,0.13781433794544268,"Alternate Universe, Female Protagonist, Primarily Female Cast, Masturbation, Matriarchy",
30585,Wandering Son,JP,2002,79.0,11683,0.3673345515769864,0.17172708784923507,0.14928234965599282,"LGBTQ+ Themes, Female Protagonist, Coming of Age, Transgender, School",
128273,Master Villainess the Invincible!,KR,2020,74.0,8058,0.3671722682100944,0.16008755390143253,0.3269142311751089,"Villainess, Female Protagonist, Reincarnation, Martial Arts, Isekai",
103084,Asoko de Hataraku Musubu-san,JP,2017,69.0,9519,0.3670175513383993,0.08810941830635348,0.1803969473214079,"Work, Medicine, Heterosexual, Shounen, Nudity",
34553,Himizu,JP,2001,72.0,8125,0.3669864534846794,0.3609339943619624,0.36429312139269504,"Anti-Hero, Tragedy, Denpa, Suicide, Crime",
99404,CANDY AND CIGARETTES,JP,2017,71.0,8503,0.3669604263461287,0.27727347146589315,0.379208802780846,"Assassins, Crime, Seinen, Male Protagonist, Foreign",
102830,Tsurune: Kazemai Koukou Kyuudou-bu,JP,2016,,566,0.3667270899319492,0.13530135308925187,0.13595303255622918,"Archery, School Club, Primarily Male Cast, Rehabilitation, School",
44483,Space Brothers,JP,2007,86.0,13740,0.3664950716672649,0.2589453334091615,0.25780769318824054,"Space, Educational, Seinen, Work, Astronomy",
65035,Kira-kun Today,JP,2011,75.0,6578,0.3663716389682726,0.17810186082746715,0.18350062252560012,"Shoujo, Coming of Age, Female Protagonist, Tragedy, Animals",
85475,Rikudou,JP,2014,77.0,12667,0.36637108865946616,0.3891401815908556,0.45051963317147375,"Boxing, Seinen, Male Protagonist, Primarily Male Cast, Ensemble Cast",
129694,The Café Terrace and Its Goddesses,JP,2021,73.0,13411,0.3663151923155674,0.13025710974623417,0.2357921706678545,"Female Harem, Primarily Female Cast, Male Protagonist, Work, Ensemble Cast",
104864,We're New at This,JP,2018,74.0,15843,0.3660508533548115,0.197640280087594,0.20488523451099722,"Seinen, Family Life, Episodic, Marriage, Female Protagonist",
70761,Wolf Children: Ame & Yuki,JP,2012,80.0,6380,0.36593250831220897,0.31501517292158254,0.28460373692396596,"Seinen, Female Protagonist, Heterosexual, Family Life, Coming of Age",
128589,The Taming of the Tyrant,KR,2021,71.0,10952,0.36592682763089174,0.3237143732906782,0.35386364684309546,"Revenge, Age Regression, Full Color, Female Protagonist, Politics",
184347,Bad Born Blood,KR,2024,75.0,9278,0.36552443055744727,0.25350381483000856,0.37820995233495347,"Cyberpunk, Politics, Survival, Royal Affairs, Male Protagonist",
86707,Tales of Demons and Gods,CN,2015,77.0,31320,0.36546521192194625,0.3553930424323585,0.4927471459650066,"Wuxia, Cultivation, Reincarnation, Age Regression, Martial Arts",
160693,Cheonhwa Archive's Young Master,KR,2023,73.0,8316,0.36544351729516894,0.2869284833131327,0.5093255115495219,"Martial Arts, Body Swapping, Male Protagonist, Wuxia, Cultivation",
167372,"Necromancer, the Ultimate Scourge!",CN,2023,72.0,9984,0.36538541394898577,0.33843209579023537,0.5540818351633852,"Necromancy, Full Color, Male Protagonist, Urban Fantasy, Demons",
113076,Sometimes Even Reality Is a Lie!,JP,2018,75.0,20144,0.3653294954529684,0.05444121455019662,0.12589529791684786,"Heterosexual, Crossdressing, Full Color, Tsundere, Iyashikei",
117536,Kill the Hero,KR,2020,73.0,22069,0.36532573481306635,0.3979309983792835,0.5563948106455,"Revenge, Super Power, Male Protagonist, Skeleton, Anti-Hero",
105774,Batuque,JP,2018,75.0,7371,0.36484699751283906,0.31505752381561425,0.3851910662086081,"Martial Arts, Female Protagonist, Tragedy, Coming of Age, Seinen",
103884,Citrus+,JP,2018,74.0,9663,0.3647054694770661,0.08192825530421874,0.07427547424805057,"Yuri, Primarily Female Cast, Female Protagonist, LGBTQ+ Themes, Family Life",
45355,Before Dawn and the End of the World,JP,2008,73.0,8579,0.36440927415072466,0.2776528726036294,0.21540604615581244,"Philosophy, Anthology, Seinen, Nudity",
99022,The Apothecary Diaries,JP,2017,85.0,44388,0.3641657610212127,0.2483379885031945,0.24302977223469296,"Female Protagonist, Medicine, Detective, Royal Affairs, Foreign",
112684,Daughter of the Archmage,KR,2019,64.0,6091,0.36395824888459966,0.2762993756707541,0.35971057739911844,"Full Color, Magic, Family Life, Female Protagonist, Historical",
46922,Gakuen Babysitters,JP,2009,81.0,7769,0.36395460436340615,0.12635752575627124,0.18068089889058533,"Shoujo, School, Male Protagonist, School Club, Family Life",
30113,Clover,JP,1997,71.0,6060,0.3639443058228296,0.2670454955525881,0.35575652717030926,"Female Protagonist, Cyborg, Steampunk, Cyberpunk, Unrequited Love",
124474,When the Villainess is in Love,KR,2020,69.0,10427,0.3637492697706254,0.12616989724371658,0.19825644624902178,"Villainess, Full Color, Isekai, Female Protagonist, Primarily Adult Cast",
163923,ST✰R: Strike it Rich ,JP,2023,77.0,9816,0.3637243980400077,0.08606807976393493,0.2825325802275457,"Martial Arts, Primarily Female Cast, Female Protagonist, Cult, Yakuza",
151443,Super Ball Girls,JP,2022,58.0,7145,0.36366660944522466,0.23188007182846826,0.20005289948100746,"Seinen, Nudity, Female Harem, Netorare, Surreal Comedy",
101120,Yuri Is My Job!,JP,2016,73.0,7397,0.3634813060549697,0.08093605084805233,0.08958443589613646,"Love Triangle, Yuri, Primarily Female Cast, Work, Acting",
112981,Kubo Won't Let Me Be Invisible,JP,2019,78.0,41002,0.3634291226718643,0.17043140582859018,0.18335680375254465,"Iyashikei, Heterosexual, School, Primarily Teen Cast, Female Protagonist",
86462,Our Precious Conversations,JP,2015,77.0,11810,0.3633984471000498,0.09062553270208648,0.09406817501159527,"Shoujo, Heterosexual, School, Episodic, Meta",
80217,the gods lie.,JP,2013,76.0,24612,0.36333173094517274,0.30593777052340465,0.3000607568634168,"Primarily Child Cast, Heterosexual, Coming of Age, Family Life, Seinen",
159436,Mother's Contract Marriage,KR,2022,79.0,6749,0.36326013129791773,0.19158127304409045,0.2157558212284481,"Long Strip, Female Protagonist, Full Color, Heterosexual, Family Life",
165012,Damedol and the Only Fan in the World,JP,2023,74.0,9702,0.3627888704832301,0.04518206364835847,0.054276510550387194,"Idol, Otaku Culture, Heterosexual, Primarily Adult Cast, College",
73391,Lord Marksman and Vanadis,JP,2011,69.0,3255,0.362618398774871,0.25160510692669336,0.3095504540077219,"Female Harem, Archery, Historical, Politics, War",
76716,Masamune-kun’s Revenge,JP,2012,70.0,32502,0.36256415247683454,0.14629408689802476,0.2779903535832875,"School, Male Protagonist, Primarily Teen Cast, Revenge, Heterosexual",
74501,Hi Score Girl,JP,2010,78.0,7431,0.36250998789185734,0.2696886022308432,0.28808037168134343,"Video Games, Love Triangle, Coming of Age, Time Skip, Heterosexual",
141261,Ayashimon,JP,2021,63.0,22693,0.3623780675175014,0.10523675995603374,0.41071124131004155,"Youkai, Yakuza, Male Protagonist, Shounen, Female Protagonist",
135802,My Girlfriend’s Not Here Today,JP,2021,71.0,8690,0.36161280231988296,0.13958021211353006,0.1561980165936871,"Yuri, Netorare, Love Triangle, Cheating, Primarily Female Cast",
41366,Teppu,JP,2008,75.0,11810,0.36150155980729604,0.2560047235138262,0.30087605938020257,"Martial Arts, Female Protagonist, Tomboy, Primarily Female Cast, Seinen",
98620,Sign,KR,2017,82.0,10591,0.3614843374176841,0.1981644463625014,0.21831606042624982,"Boys' Love, Primarily Adult Cast, Work, Disability, Full Color",
55297,Prison School,JP,2011,72.0,36902,0.3613970232005798,0.2771842755903763,0.24257939877123158,"Seinen, School, Surreal Comedy, Nudity, Male Protagonist",
86360,Qualia Under the Snow,JP,2014,73.0,6376,0.36108495228040455,0.09684429197252781,0.10128857782333087,"Boys' Love, Iyashikei, Horticulture, Snowscape, Estranged Family",
127868,My Gently Raised Beast,KR,2020,74.0,10070,0.3610442463421513,0.18853169832154706,0.24213872307591416,"Royal Affairs, Heterosexual, Female Protagonist, Full Color, Shapeshifting",
80133,Himouto! Umaru-chan,JP,2013,71.0,6911,0.36075287938790707,0.11593325702088449,0.10818264358539331,"Otaku Culture, Cute Girls Doing Cute Things, Chibi, Family Life, Female Protagonist",
30366,Voices of a Distant Star,JP,2004,73.0,7020,0.3604502923488326,0.24274618002474888,0.23743593596254117,"Space, Heterosexual, Robots, Denpa, Philosophy",
144718,"You Were Experienced, I Was Not: Our Dating Story",JP,2022,66.0,7449,0.3604291368095806,0.10013212512621063,0.16312687404523632,"Gyaru, Male Protagonist, Primarily Teen Cast, Heterosexual, Love Triangle",
134556,Little Rabbit and the Big Bad Leopard,KR,2021,77.0,10274,0.360012622140226,0.09308021825477704,0.17452226124956646,"Animals, Shapeshifting, Royal Affairs, Long Strip, Heterosexual",
101719,O Maidens in Your Savage Season,JP,2016,72.0,6741,0.35931655732477175,0.10109058195287943,0.17416232020811925,"Coming of Age, Female Protagonist, School Club, Love Triangle, School",
113701,Asahina Wakaba & Her Chubby-Chubby Boyfriend,JP,2019,73.0,6274,0.3592871116237777,0.2227469340359893,0.15485442916173048,"Bullying, Heterosexual, Denpa, Seinen, Female Protagonist",
101408,Principles of Heavens: Zen’s Cultivation of Immortality,CN,2015,75.0,12458,0.35916355944398987,0.3228568777472806,0.5481731675620685,"Cultivation, Male Protagonist, Martial Arts, Full Color, Swordplay",
170724,Returned by the King,KR,2023,68.0,13437,0.3590558597456381,0.27976196739284664,0.44853232342460864,"Full Color, Male Protagonist",
128976,Learning the Hard Way,KR,2020,72.0,7778,0.3586257959846834,0.13549517173117145,0.15909998703378858,"Nudity, Teacher, Female Harem, Large Breasts, Full Color",
163754,Renai Daikou,JP,2023,65.0,9325,0.35859034996304456,0.13516944243374837,0.11664146369618188,"Primarily Teen Cast, Heterosexual, Seinen, Female Protagonist, Ojou-sama",
144027,The Siren: Becoming the Villain's Family,KR,2021,74.0,7739,0.35855312019498026,0.2784895667837639,0.3147052015346024,"Magic, Tragedy, Female Protagonist, Heterosexual, Full Color",
85412,Girls' Last Tour,JP,2014,86.0,48151,0.35849456783116906,0.2974063921522375,0.3266762082497128,"Post-Apocalyptic, Philosophy, Female Protagonist, Tragedy, Lost Civilization",
108832,HEART GEAR,JP,2019,73.0,7008,0.35768013076298816,0.12951831053155557,0.37989492797483887,"Artificial Intelligence, Post-Apocalyptic, Robots, Shounen, Female Protagonist",
128260,I Want a Gal Gamer to Praise Me,JP,2020,65.0,7253,0.35694659560140873,0.1246751269193741,0.11784364917916197,"Video Games, Gyaru, Heterosexual, Large Breasts, Cute Girls Doing Cute Things",
86365,Grimgar of Fantasy and Ash,JP,2013,80.0,7525,0.35686768094440696,0.3970336848346048,0.622922347863525,"Survival, Alternate Universe, Isekai, Tragedy, Amnesia",NEG
158440,The Fallen House of Ardan,KR,2022,64.0,6678,0.35664463596869794,0.2364120575462072,0.4500684293593348,"Alternate Universe, Male Protagonist, Full Color, Time Manipulation, Dragons",
98140,Beauty and the Feast,JP,2016,71.0,8867,0.3564929537746332,0.15151216837131898,0.11658837958414808,"Food, Baseball, Seinen, Heterosexual, Female Protagonist",
112275,Heaven Official's Blessing,CN,2019,87.0,19298,0.3564585656383468,0.399810906111899,0.5001130185579081,"Gods, Boys' Love, Tragedy, Historical, Cultivation",
132182,Blue Box,JP,2021,81.0,52466,0.3564403006270762,0.1348092536608669,0.2270776637829286,"School Club, School, Athletics, Primarily Teen Cast, Heterosexual",
145551,Marry My Husband,KR,2021,75.0,11216,0.35615095889700427,0.23917084943987507,0.2933156068653375,"Heterosexual, Primarily Adult Cast, Revenge, Female Protagonist, Full Color",
156601,I Thought My Time Was Up!,KR,2022,70.0,5919,0.355718611645894,0.15464848052523708,0.21527712600134385,"Royal Affairs, Heterosexual, Female Protagonist, Full Color, Primarily Adult Cast",
156924,"Osananajimi Kanojo no Morahara ga Hidoi n de Zetsuen Sengen Shite Yatta: Jibun Rashiku Ikiru Koto ni Shitara, Naze ka Tonari no Seki no Kakure Bishoujo kara Kokuhaku Sareta",JP,2022,58.0,8632,0.3556983990608195,0.22674935680473177,0.22138717932415017,"Yandere, Seinen, Male Protagonist, School, Bullying",
99943,Rent-A-Girlfriend,JP,2017,58.0,61080,0.355229591311006,0.15863874444229584,0.24653681209727646,"Fake Relationship, Male Protagonist, Love Triangle, Prostitution, Shounen",
85566,Love & Lies,JP,2014,64.0,18006,0.3551263434899126,0.19837955953984604,0.29851558646373777,"Love Triangle, Heterosexual, Male Protagonist, Dystopian, Female Harem",
130566,Legend of an Asura - The Poison Dragon,KR,2021,73.0,15172,0.35490675199964394,0.3786691327054834,0.5930334805007116,"Revenge, Wuxia, Martial Arts, Full Color, Anti-Hero",
111258,Bocchi the Rock!,JP,2018,82.0,19117,0.35484984352850096,0.07469855572144914,0.0822495173117965,"Band, Female Protagonist, Primarily Female Cast, Cute Girls Doing Cute Things, Primarily Teen Cast",
30729,Emma,JP,2001,80.0,10947,0.35484572865953157,0.238941190348347,0.18335230441659567,"Foreign, Historical, Maids, Work, Heterosexual",
86703,Oh! Holy,KR,2015,75.0,9232,0.3548214466096206,0.12133648788892085,0.2537174252805632,"Ghost, Amnesia, Full Color, School, Heterosexual",
110159,Ponkotsu Ponko,JP,2019,80.0,7614,0.35423744638613025,0.12872859462275615,0.1346180769797344,"Robots, Iyashikei, Maids, Rural, Female Protagonist",
74307,Blank Canvas: My So-Called Artist's Journey,JP,2011,83.0,13801,0.3542231124430367,0.19972095010804228,0.23830334369360334,"Drawing, Coming of Age, Otaku Culture, Autobiographical, Teacher",
127169,Is It My Fault That I Got Bullied?,JP,2020,71.0,6341,0.3542113759258556,0.20406163511598976,0.18919818888266104,"Bullying, Revenge, School, Teacher, Crime",
101583,My Dress-Up Darling,JP,2018,79.0,95165,0.3541776168129025,0.15103712481660725,0.17057684080526458,"Cosplay, Otaku Culture, Fashion, Female Protagonist, Male Protagonist",
84817,Kanojo ni Naru Hi,JP,2013,69.0,10141,0.35411359668639236,0.22405172447113608,0.2330240495213466,"Gender Bending, Shoujo, Coming of Age, Heterosexual, College",
123739,Under the Oak Tree,KR,2020,74.0,17410,0.3540339839291976,0.2671924953847694,0.28297593099839286,"Female Protagonist, Heterosexual, Primarily Adult Cast, Marriage, Arranged Marriage",
109271,Lady Baby,KR,2018,68.0,9259,0.3532792015949932,0.20866901773752644,0.24477464511519142,"Age Regression, Primarily Child Cast, Politics, Female Protagonist, Royal Affairs",
32436,Hotel,JP,2008,69.0,7784,0.3532266888059532,0.32481846791912716,0.34890744940364427,"Anthology, Environmental, Post-Apocalyptic, Artificial Intelligence, Seinen",
124595,A Wicked Tale of Cinderella's Stepmom,KR,2020,73.0,6420,0.35301969783518866,0.15138263766977228,0.20934130362812542,"Family Life, Full Color, Fairy Tale, Parenthood, Villainess",
31458,Golden Boy: Sasurai no Obenkyou Yarou,JP,1992,63.0,6490,0.3529591646459918,0.2713308910643981,0.3196056353806035,"Male Protagonist, Primarily Female Cast, Female Harem, Slapstick, Nudity",
149483,Operation: True Love,KR,2022,74.0,16697,0.35294634556081195,0.2621717585671337,0.25587598536644873,"Heterosexual, Love Triangle, Female Protagonist, Revenge, Full Color",
30304,Urusei Yatsura,JP,1978,75.0,6621,0.3529102174153223,0.077524578964214,0.26290154551579975,"Surreal Comedy, Aliens, Episodic, Slapstick, Shounen",
31031,We Were There,JP,2002,75.0,10636,0.35276743846685416,0.17965512240972434,0.1913776191609126,"Shoujo, Coming of Age, Time Skip, Tragedy, School",
100117,Goblin Slayer Side Story: Year One,JP,2017,77.0,10104,0.3524019701608489,0.49366048235436943,0.6264812997217707,"Goblin, Anti-Hero, Gore, Medieval, Tragedy",
114898,I Think I Turned My Childhood Friend Into a Girl,JP,2019,77.0,9644,0.3523362217578374,0.057082877286639515,0.09358272196298856,"Femboy, Crossdressing, Makeup, Boys' Love, Shoujo",
125076,Gunggwigeomsin 1-bu,KR,2020,67.0,4652,0.3523228240822072,0.27343775355550265,0.5270460817553094,"Tragedy, Martial Arts, Archery, Full Color, Wuxia",
138380,Gals Can’t Be Kind to Otaku!?,JP,2021,76.0,11450,0.3520867241042313,0.1598836864107952,0.16781108981171441,"Gyaru, Otaku Culture, Heterosexual, Love Triangle, Male Protagonist",
124458,I Fell into a Reverse Harem Game!,KR,2020,69.0,6878,0.35202940388934517,0.09106290042279809,0.16628870821639616,"Isekai, Villainess, Male Harem, Female Protagonist, Full Color",
118585,Kurokiya-san Wants to Lead Him Around by the Nose,JP,2019,66.0,8371,0.35162320052131957,0.08410416267493485,0.1379624984160158,"Gyaru, Heterosexual, Large Breasts, Male Protagonist, School",
159142,Firefly Wedding,JP,2023,78.0,17871,0.3510250019086456,0.20411363766774016,0.22325061883079628,"Yandere, Heterosexual, Tragedy, Josei, Female Protagonist",
33633,Beast Master,JP,2006,71.0,7759,0.35042790807157254,0.09162116570494289,0.10239795756442191,"Shoujo, Female Protagonist, Heterosexual, School, Animals",
148311,How Do I Turn My Best Friend Into My Girlfriend?,JP,2022,73.0,5831,0.3504193902047349,0.1018865956122472,0.09961483626575675,"Yuri, Cute Girls Doing Cute Things, Primarily Female Cast, Female Protagonist, School",
142254,Another Typical Fantasy Romance,KR,2021,77.0,5859,0.3499301217891959,0.14713135342085637,0.17924571382509222,"Age Regression, Female Protagonist, Iyashikei, Anachronism, Heterosexual",
111212,Rebuild World,JP,2019,77.0,12016,0.349411818340154,0.3137864033685269,0.4459215991545769,"Post-Apocalyptic, Artificial Intelligence, Dystopian, Guns, Seinen",
31009,Honey and Clover,JP,2000,79.0,8912,0.3489539634567983,0.23527491788982663,0.24580899091774858,"Ensemble Cast, Coming of Age, Josei, Love Triangle, Age Gap",
128965,'Til Debt Do Us Part,KR,2020,77.0,7015,0.3488797321540725,0.17173151828249666,0.1886236646541753,"Heterosexual, Full Color, Marriage, Primarily Adult Cast, Tsundere",
161433,Now That We Draw,JP,2023,74.0,10324,0.3484188270691051,0.16415691220447637,0.17892032494406046,"Drawing, Writing, Fake Relationship, Heterosexual, Female Protagonist",
164599,Not Your Typical Reincarnation Story,KR,2023,77.0,10120,0.34840596477451785,0.23817701071964564,0.29374917947989904,"Reincarnation, Villainess, Marriage, Female Protagonist, Primarily Adult Cast",
100801,Rainbows After Storms,JP,2017,79.0,11270,0.34706100323550676,0.10360208478476762,0.08398576444738387,"Yuri, LGBTQ+ Themes, School, Primarily Female Cast, Female Protagonist",
118570,Senpai is an Otokonoko,JP,2019,77.0,8935,0.34694993238251876,0.11910659883087307,0.17871594782971126,"Coming of Age, Crossdressing, Female Protagonist, LGBTQ+ Themes, Male Protagonist",
80331,This Art Club Has a Problem!,JP,2012,75.0,8579,0.34667778189144516,0.09467729312475806,0.08683372684734003,"School Club, Female Protagonist, School, Drawing, Seinen",
113704,The Soulless Duchess,KR,2019,69.0,7512,0.34640381664813347,0.20072345526922553,0.25734629808216003,"Full Color, Female Protagonist, Time Manipulation, Magic, Historical",
114383,A Couple of Cuckoos,JP,2020,64.0,23260,0.3462663765867633,0.06970802878497563,0.20632965404814535,"Female Harem, Love Triangle, Male Protagonist, Heterosexual, Inseki",
99609,I Want to Eat Your Pancreas,JP,2016,83.0,22100,0.3458401786481332,0.3116414555282834,0.31602059636356583,"Tragedy, Coming of Age, Female Protagonist, Male Protagonist, Heterosexual",
113168,My Alcoholic Escape from Reality,JP,2019,77.0,6382,0.34539510181797667,0.21129740751686477,0.1478683153966221,"Autobiographical, Rehabilitation, Non-fiction, Disability, Female Protagonist",
65719,Like a Butterfly,JP,2012,72.0,21153,0.3451088057236172,0.06559157794566892,0.07572847904888383,"Shoujo, School, Coming of Age, Heterosexual, Unrequited Love",
120088,Just Leave Me Be,KR,2020,68.0,8676,0.34509051161354626,0.21077039077127177,0.3144580633318298,"Long Strip, Female Protagonist, Full Color, Revenge, Heterosexual",
86008,NTR: Netsuzou Trap,JP,2014,57.0,8228,0.34486885494221986,0.15211053531315671,0.15466963619015292,"Yuri, LGBTQ+ Themes, Netorare, Female Protagonist, Love Triangle",
114531,"Play it Cool, Guys",JP,2019,78.0,5950,0.3447808175149225,0.043458985304742834,0.1327149321719555,"Slapstick, Episodic, Cute Boys Doing Cute Things, Male Protagonist, Full Color",
30818,I''s,JP,1997,72.0,9877,0.34431999352983234,0.13936793248614135,0.256346686277661,"Love Triangle, School, Coming of Age, Male Protagonist, Shounen",
47192,Junji Ito's Cat Diary: Yon & Mu,JP,2007,72.0,9387,0.34308133261421253,0.17823542120902477,0.18835338859517853,"Animals, Autobiographical, Family Life, Male Protagonist, Primarily Adult Cast",
116551,Reborn as a Space Mercenary: I Woke Up Piloting the Strongest Starship!,JP,2019,71.0,7889,0.3430556610264538,0.2562308217075358,0.324059515947146,"Space, Isekai, Seinen, Male Protagonist, Female Harem",
101795,Transferred to the Gyaru Academy,JP,2017,56.0,7167,0.3424473750034091,0.16946338333996502,0.1823803019293137,"Gyaru, Primarily Female Cast, Teacher, Female Harem, Tanned Skin",
129725,New Normal,JP,2020,65.0,7552,0.34238822072604463,0.19362549379718202,0.17651326197828815,"Pandemic, Dystopian, School, Male Protagonist, Heterosexual",
31271,S.A: Special A,JP,2003,74.0,6951,0.3421025481099771,0.09396119736363698,0.11236035181290849,"School, Shoujo, Female Protagonist, Heterosexual, Primarily Teen Cast",
98648,Ore wo Suki Nano wa Omae Dake ka yo,JP,2017,67.0,6840,0.342021472186419,0.07620108837652799,0.1974223412721336,"School, Love Triangle, Shounen, Bullying, Female Harem",
122872,The Rebirth of a Tyrannical Empress,KR,2020,65.0,6268,0.34184688663365076,0.17542222154959777,0.22943205793063123,"Isekai, Heterosexual, Full Color, Villainess, Female Protagonist",
101255,Lovesick Ellie,JP,2015,78.0,8309,0.34177932066170136,0.02562446086771019,0.05229200328222276,"Shoujo, School, Tsundere, Female Protagonist, Primarily Teen Cast",
122161,Brave New World,KR,2019,76.0,6201,0.3415698914701582,0.21344809056023584,0.21057254949541243,"Nudity, Full Color, Male Protagonist, Revenge, Love Triangle",
146139,Maybe Meant to Be,KR,2022,79.0,26110,0.3415409378418689,0.17552083104244004,0.21820058599044254,"Marriage, Heterosexual, Female Protagonist, Full Color, Family Life",
171289,On and Off: Work-Life Imbalance,JP,2023,74.0,6820,0.34146495742766453,0.09896048293571183,0.06523279883937327,"Josei, Crossdressing, Primarily Adult Cast, Femboy, Office",
58449,Twittering Birds Never Fly,JP,2011,81.0,6978,0.3414003915345942,0.28492048055496794,0.3751859964838546,"Boys' Love, Yakuza, Tragedy, Male Protagonist, Primarily Adult Cast",
30610,Skip Beat!,JP,2002,82.0,15811,0.34105110683260487,0.14623525306523583,0.14821871248271665,"Shoujo, Acting, Work, Female Protagonist, Heterosexual",
126722,The Anemone Feels the Heat,JP,2020,78.0,10232,0.34098465385538096,0.18875384593305572,0.13658508777452041,"Yuri, Primarily Female Cast, Female Protagonist, School, Primarily Teen Cast",
80145,Citrus,JP,2012,70.0,31622,0.3402742854322256,0.09409056564134022,0.09262642538247015,"Yuri, Female Protagonist, Inseki, Primarily Female Cast, Cohabitation",
162509,"Jimoto no Ijimekkotachi ni Shikaeshi Shiyou to Shitara, Betsu no Tatakai ga Hajimatta.",JP,2023,64.0,7976,0.34026503716439754,0.05076861135803621,0.161631112819665,"Female Harem, Gyaru, Heterosexual, Love Triangle, Shounen",
107896,The Yakuza's Guide to Babysitting,JP,2018,76.0,6685,0.3400696656586992,0.1494972416620835,0.18817362619786518,"Josei, Yakuza, Family Life, Delinquents, Anti-Hero",
143003,Daytime Star,KR,2021,82.0,10186,0.3399111398869969,0.1491320227753962,0.1644794082939075,"Full Color, Heterosexual, Work, Acting, Female Protagonist",
100187,A Tropical Fish Yearns for Snow,JP,2017,76.0,14871,0.339896395474059,0.18035778546662526,0.13932901060521766,"Coming of Age, Female Protagonist, School Club, Primarily Female Cast, Animals",
99549,Karakai Jouzu no (Moto) Takagi-san,JP,2017,79.0,18847,0.33979625367436883,0.019924047470095674,0.12496710151124132,"Slapstick, Family Life, Iyashikei, Marriage, Female Protagonist",
104140,Love Me for Who I Am,JP,2018,78.0,13846,0.339520091697571,0.20296068456904343,0.14887024517135364,"LGBTQ+ Themes, Transgender, Agender, Coming of Age, Estranged Family",
30149,BLAME!,JP,1997,81.0,62497,0.33910392776527365,0.45559784054168406,0.4682183655375681,"Cyborg, Seinen, Post-Apocalyptic, Cyberpunk, Robots",
53419,5 Centimeters Per Second,JP,2010,74.0,9495,0.3390658311266063,0.3261411734452192,0.32740774013653423,"Coming of Age, Time Skip, Heterosexual, Male Protagonist, Seinen",
108196,My Home Hero,JP,2017,78.0,16711,0.33874814904344186,0.31415443874832216,0.395522791027257,"Crime, Seinen, Yakuza, Primarily Adult Cast, Mafia",
31802,Cat Street,JP,2004,77.0,6604,0.33855990850175244,0.1447653385545274,0.11319282563419543,"Shoujo, Hikikomori, School, Bullying, Coming of Age",
150663,For My Derelict Favorite,KR,2022,75.0,7204,0.3384618078022799,0.2748969240904983,0.28564972900758157,"Royal Affairs, Isekai, Heterosexual, Age Regression, Female Protagonist",
116401,365 Days to the Wedding,JP,2020,77.0,14928,0.33842566663857643,0.2099026673780338,0.19802266280469105,"Work, Marriage, Seinen, Fake Relationship, Primarily Adult Cast",
151460,Absolute Sword Sense,KR,2022,77.0,14659,0.337842157818614,0.2681412464475597,0.47571080350793804,"Cultivation, Swordplay, Full Color, Martial Arts, Male Protagonist",NEG
43463,Missions of Love,JP,2009,67.0,9040,0.33771212426270664,0.04983779469430649,0.07721654855041848,"Shoujo, Heterosexual, Female Protagonist, School, Love Triangle",
31216,Neighborhood Story,JP,1995,79.0,6546,0.33744351606401973,0.10145347303771049,0.1149312212255349,"Shoujo, Fashion, Heterosexual, Female Protagonist, Coming of Age",
116411,A Galaxy Next Door,JP,2020,75.0,7926,0.33738889270236816,0.18584409251705988,0.18696999576677079,"Seinen, Family Life, Heterosexual, Marriage, Drawing",
125167,Semantic Error,KR,2020,81.0,10640,0.3372665086336856,0.08087022664780544,0.17588960080609198,"Boys' Love, Male Protagonist, College, Software Development, Full Color",
137303,I Don’t Know Which is Love,JP,2021,68.0,6914,0.3368831199585934,0.0805730316943474,0.0858221414432804,"Yuri, Female Harem, Female Protagonist, Primarily Female Cast, College",
86994,No Guns Life,JP,2014,71.0,7214,0.33662990533215237,0.29937514477178284,0.36276792491107035,"Seinen, Cyborg, Cyberpunk, Crime, Urban",
85457,GTO: Paradise Lost,JP,2014,74.0,5812,0.3365938976181835,0.20870685713432377,0.21678456921954625,"Seinen, Yakuza, Male Protagonist, Police, Delinquents",
160880,Beat & Motion,JP,2023,71.0,9654,0.3365753951365427,0.18276861406642983,0.27227054896007175,"Coming of Age, Primarily Adult Cast, Male Protagonist, Drawing, Heterosexual",
38144,Sora no Otoshimono,JP,2007,77.0,10576,0.33651907083369087,0.22712667117327973,0.31268335972660555,"Female Harem, Angels, School, Surreal Comedy, Artificial Intelligence",
30669,Highschool of the Dead,JP,2006,70.0,16796,0.336249209025107,0.28160879621413765,0.37491578632881795,"Zombie, Pandemic, Heterosexual, Coming of Age, Primarily Teen Cast",
51467,Stargazing Dog,JP,2008,79.0,9774,0.3358289021921631,0.2633873920839111,0.24136251280420287,"Animals, Family Life, Seinen, Tragedy, Ensemble Cast",
131769,Drama Queens,KR,2020,80.0,6113,0.3356219788578707,0.1265024277973648,0.16670446382269366,"Female Harem, College, Nudity, School Club, Male Protagonist",
101114,God of Martial Arts,CN,2016,69.0,6275,0.33477997822071914,0.25815814325248665,0.4666167140209927,"Martial Arts, Cultivation, Full Color, Female Harem, Male Protagonist",
169734,My Gyaru Wife's Secrets,JP,2023,68.0,9319,0.3346197539821782,0.1994526585595452,0.2067219877804512,"Heterosexual, Primarily Adult Cast, Gyaru, Office Lady, Marriage",
110140,"It Takes Two Tomorrow, Too",JP,2019,78.0,17733,0.33443330048054754,0.20149143497380004,0.20697835982861065,"Primarily Adult Cast, Heterosexual, Male Protagonist, Family Life, Seinen",
156413,The Tyrant Wants to Be Good,KR,2022,73.0,6517,0.3337488216395165,0.21084517909964795,0.25640422220898906,"Age Regression, Magic, Swordplay, Royal Affairs, Female Protagonist",
127848,Masters of Lightning Knives,KR,2019,74.0,9922,0.33370848740504344,0.21540044901348826,0.44841858219938585,"Martial Arts, Surreal Comedy, Male Protagonist, Full Color, Cultivation",
103213,A Pervert's Daily Life,KR,2017,75.0,10622,0.33369353813948105,0.1687079304237019,0.17776479009177049,"Masturbation, Full Color, Female Protagonist, Nudity, Heterosexual",
99640,"You Got Me, Sempai!",JP,2016,78.0,9918,0.3336585205152156,0.07769430172905638,0.06954007011431391,"Coming of Age, School, Shoujo, Heterosexual, Female Protagonist",
113961,My Friend's Little Sister Has It in for Me!,JP,2019,63.0,7802,0.33340078668156115,0.06365295448537114,0.1989176813590801,"Female Harem, Heterosexual, Love Triangle, Shounen, Male Protagonist",
98112,Gal Gohan,JP,2016,72.0,19919,0.332682145998467,0.11401726117632432,0.10588707638926365,"Gyaru, Food, School Club, Teacher, Age Gap",
31155,Yesterday wo Utatte,JP,1997,74.0,9690,0.33225634192088227,0.29075479596753917,0.2501131690558169,"Love Triangle, Heterosexual, Unrequited Love, Coming of Age, Rehabilitation",
104780,Koko wa Ima kara Rinri desu.,JP,2016,81.0,16975,0.3308168453232886,0.3076191688337823,0.24047327076543906,"Teacher, Philosophy, School, Episodic, Educational",
30773,Saikano,JP,2000,73.0,5916,0.33041598483660145,0.2815525817634583,0.2576188321098217,"Heterosexual, Cyborg, Military, Tragedy, War",
101552,Otokonoko Tsuma,JP,2016,68.0,6374,0.3298400971216061,0.034750574539703934,0.049531870203280606,"Crossdressing, LGBTQ+ Themes, Femboy, Boys' Love, Primarily Male Cast",
133122,Rise from the Rubble,CN,2021,66.0,7501,0.3298237642914714,0.24899559780482053,0.45632564113003204,"Full Color, Male Protagonist, Revenge, Artificial Intelligence, Post-Apocalyptic",
85417,Forget Me Not,JP,2013,73.0,6068,0.3297920211106965,0.16883620075014993,0.2822622345574702,"Coming of Age, Male Protagonist, Love Triangle, College, Primarily Female Cast",
43001,K-On!,JP,2007,74.0,10347,0.3296809105967135,0.08796243298393702,0.07962962238417273,"Cute Girls Doing Cute Things, 4-koma, School Club, Primarily Female Cast, School",
75275,Girls of the Wild's,KR,2011,71.0,22253,0.32929777172298075,0.1591460801512137,0.31061708907973984,"Love Triangle, Martial Arts, Primarily Female Cast, Bullying, Full Color",
32895,Forest of Piano,JP,1998,82.0,6253,0.32918270067964356,0.27344155749260823,0.22204605325549764,"Musical Theater, Foreign, Seinen, Teacher, Male Protagonist",
143352,My Master is a Backseat Gamer,KR,2021,67.0,9015,0.3291312168546933,0.28581671843419887,0.5190472121926901,"Wuxia, Male Protagonist, Martial Arts, Dungeon, Full Color",
30770,Battle Angel Alita: Last Order,JP,2001,79.0,8005,0.3286713644582739,0.27076142694597327,0.3579110748134342,"Female Protagonist, Cyberpunk, Dystopian, Martial Arts, Amnesia",
31461,Sanctuary,JP,1990,80.0,13330,0.3284329213707143,0.3498400094689694,0.3894219997940285,"Yakuza, Politics, Seinen, Crime, Primarily Adult Cast",
85703,Watari-kun's ****** Is about to Collapse,JP,2014,67.0,12782,0.32788095964171404,0.2215983607318061,0.22418642058083665,"Love Triangle, School, Female Protagonist, Male Protagonist, Heterosexual",
119518,A Cave King’s Road to Paradise: Climbing to the Top with My Almighty Mining Skills!,JP,2020,68.0,5953,0.327757272574762,0.3533162353666696,0.34950983040054984,"Seinen, Male Protagonist, Magic, Goblin, Anthropomorphism",
51419,No Zo Ki A Na,JP,2009,74.0,22139,0.32767519602162154,0.28510769302258926,0.18350380478495004,"Voyeur, Nudity, Seinen, Masturbation, Love Triangle",
102423,Kaguya-sama wo Kataritai,JP,2018,72.0,5936,0.32730505863121473,0.12090523348299335,0.09614251141933623,"4-koma, School Club, Seinen, Female Protagonist, Cute Girls Doing Cute Things",
100109,The Witch and the Beast,JP,2016,80.0,12383,0.3272501968926906,0.4221449712275391,0.49291265581292554,"Revenge, Witch, Magic, Seinen, Body Swapping",
104660,Zom 100: Bucket List of the Dead,JP,2018,74.0,29368,0.326939975390329,0.3767507682155994,0.42647282292653127,"Zombie, Primarily Adult Cast, Post-Apocalyptic, Pandemic, Male Protagonist",
122226,It Takes More than a Pretty Face to Fall in Love,JP,2020,72.0,8487,0.3267392411755709,0.028782710178088436,0.03360468234562147,"Shoujo, School, Photography, Female Protagonist, Heterosexual",
49087,Haganai: I Don't Have Many Friends,JP,2010,72.0,6798,0.3265606857391685,0.12574881400287205,0.1156405080675244,"School, Chuunibyou, Female Harem, School Club, Seinen",
101724,Uzaki-chan Wants to Hang Out!,JP,2017,71.0,23750,0.326393958089893,0.19552633166202374,0.18959329396905916,"Large Breasts, Tsundere, College, Tomboy, Heterosexual",
102047,I Married My Best Friend to Shut My Parents Up,JP,2018,69.0,13105,0.3262376898516236,0.10470897334941488,0.10025769783484992,"Primarily Female Cast, Marriage, Yuri, Primarily Adult Cast, Female Protagonist",
32921,Maid-sama!,JP,2005,81.0,36056,0.3261113651494608,0.07279646037494822,0.08080091754592379,"Shoujo, Female Protagonist, Heterosexual, Tsundere, School",
137714,"Are You a Landmine, Chihara-san?",JP,2021,71.0,15313,0.32603717555529566,0.07257328542309383,0.12644158994586796,"Heterosexual, School, Male Protagonist, Cute Girls Doing Cute Things, Iyashikei",
168656,The Dawn to Come,KR,2023,80.0,8919,0.325602137804541,0.1684698383719309,0.2333055478287568,"Heterosexual, Female Protagonist, Full Color, Male Protagonist, Long Strip",
30735,Black Lagoon,JP,2002,81.0,19833,0.3255223578432001,0.39775466412503196,0.48668180525613514,"Guns, Seinen, Gangs, Military, Male Protagonist",
58825,Wolf Girl and Black Prince,JP,2011,70.0,12984,0.3247644476077088,0.09853724777793726,0.10996032687263957,"Shoujo, Heterosexual, Tsundere, Female Protagonist, Love Triangle",
30018,Kodocha: Sana's Stage,JP,1994,80.0,6262,0.3241750913017228,0.12566743131616323,0.14815421530654627,"Primarily Child Cast, Coming of Age, Shoujo, Female Protagonist, School",
47394,Hiyokoi,JP,2009,72.0,10522,0.32410590879714984,0.1151599652797281,0.11163009026368675,"Shoujo, Coming of Age, Female Protagonist, Love Triangle, School",
85395,Cheeky Brat,JP,2013,77.0,25632,0.32290662794905195,0.05562450249363896,0.06698286911833123,"Shoujo, Basketball, Female Protagonist, Tsundere, Heterosexual",
33614,What a Wonderful World!,JP,2002,73.0,13821,0.3227825703135631,0.23488241761534165,0.19332185409343997,"Seinen, Episodic, Philosophy, Anthology, School",
111593,10 Years That I Loved You the Most,CN,2018,82.0,6359,0.32273877467024625,0.22602423057638388,0.29756197112318283,"Tragedy, Boys' Love, Full Color, Male Protagonist, Love Triangle",
31470,Gon,JP,1992,71.0,8145,0.3223454617075151,0.21852229616840818,0.310087424247372,"Animals, No Dialogue, Seinen, Episodic, Dinosaurs",
41593,Yuru Yuri,JP,2008,80.0,5943,0.32220738341872995,0.0576639154008086,0.07353902960393785,"Primarily Female Cast, Cute Girls Doing Cute Things, School, Primarily Child Cast, Ensemble Cast",
145531,The Color of the End: Mission in the Apocalypse,JP,2022,78.0,11196,0.321793648043899,0.243776981527522,0.2909352744712338,"Post-Apocalyptic, Female Protagonist, Seinen, Urban, Tragedy",
85624,Waiting for Spring,JP,2014,75.0,12459,0.32156949078381136,0.020974428740037694,0.04329518265882449,"Shoujo, School, Primarily Teen Cast, Primarily Male Cast, Basketball",
41434,Suicide Island,JP,2008,71.0,9188,0.3210128411737773,0.3159009796636798,0.27851992578824114,"Suicide, Seinen, Environmental, Educational, Food",
31162,Bitter Virgin,JP,2005,73.0,7871,0.3206781030770757,0.2788073646815354,0.2357589055695391,"School, Seinen, Love Triangle, Tragedy, Rape",
34611,Jormungand,JP,2006,74.0,5665,0.320451276090697,0.26355237145261834,0.31458910189389505,"Seinen, Guns, Female Protagonist, Primarily Adult Cast, Foreign",NEG
98227,ORIGIN,JP,2016,74.0,15482,0.32029941050384814,0.35213719311753156,0.43208743287628065,"Robots, Male Protagonist, Nudity, Artificial Intelligence, Survival",
178202,Hima-Ten!,JP,2024,71.0,10634,0.3201046393283846,0.08418749769096412,0.21274257780653957,"Love Triangle, Heterosexual, Female Harem, Shounen, School",
111970,"Goodbye, My Rose Garden",JP,2018,78.0,10687,0.3200742954720031,0.11943924339202716,0.10820220883342124,"Maids, Historical, Yuri, Ojou-sama, Foreign",
132165,Kill the Villainess,KR,2021,79.0,15623,0.31983199844072563,0.25602045931189654,0.28186474209557555,"Isekai, Villainess, Magic, Full Color, Female Protagonist",
140495,Tamon’s B-Side,JP,2021,80.0,8324,0.31967666672554423,0.024441223601351734,0.05139250340285402,"Idol, Shoujo, Female Protagonist, Otaku Culture, Hikikomori",
124783,I Am the Real One,KR,2020,73.0,14487,0.319144457338211,0.27820358380353877,0.3033308751137382,"Revenge, Female Protagonist, Full Color, Time Manipulation, Magic",
128882,Jungle Juice,KR,2020,76.0,21146,0.3188779901463941,0.30083826351963744,0.46027250546586806,"Full Color, Male Protagonist, Body Horror, Monster Boy, Monster Girl",
112673,Dr. STONE Reboot: Byakuya,JP,2019,76.0,8576,0.31859814845888446,0.2124263495351299,0.4085800805635344,"Post-Apocalyptic, Survival, Tragedy, Artificial Intelligence, Astronomy",
106315,A Girl & Her Guard Dog,JP,2018,64.0,6768,0.3177932366183667,0.10150885197534369,0.10468913143206257,"Yakuza, Shoujo, Age Gap, Gangs, Heterosexual",
30031,Love★Com,JP,2001,81.0,17650,0.3171797388229449,0.10932190985033564,0.11637052898830229,"School, Shoujo, Female Protagonist, Slapstick, Coming of Age",
125485,"Your Majesty, Please Spare Me This Time",KR,2020,73.0,6001,0.31690983118911625,0.28446944087035286,0.29963807281427124,"Female Protagonist, Heterosexual, Survival, Royal Affairs, Maids",
38848,Sun-Ken Rock,JP,2006,75.0,41702,0.31683068319197666,0.38176165203163936,0.4510650699718347,"Seinen, Gangs, Yakuza, Primarily Male Cast, Male Protagonist",
67705,Cheese in the Trap Season 1,KR,2010,76.0,10101,0.31665797753815916,0.11129995393474129,0.16220292511749018,"Female Protagonist, College, Primarily Adult Cast, Bullying, Heterosexual",
66933,My Love Story!!,JP,2011,79.0,11222,0.3165986367108163,0.07390542963683906,0.1349840916727819,"Shoujo, Male Protagonist, Heterosexual, Primarily Teen Cast, Unrequited Love",
103866,Himeno-chan ni Koi wa Mada Hayai,JP,2018,69.0,7251,0.31638654861229104,0.09989086743035774,0.09283693554936807,"Tsundere, Female Protagonist, Primarily Child Cast, Heterosexual, Iyashikei",
30348,Genshiken,JP,2002,80.0,12892,0.3156168327564511,0.2120868234723782,0.20569142120709938,"Otaku Culture, School Club, College, Seinen, Cosplay",
105332,Sweat and Soap,JP,2018,81.0,25860,0.31481368824570205,0.2092214811497476,0.19126101388256656,"Office, Sweat, Primarily Adult Cast, Office Lady, Heterosexual",
101762,Why Does Nobody Remember Me in this World?,JP,2018,68.0,7412,0.31480442977249323,0.3545570486124866,0.4371451608919411,"Alternate Universe, Demons, Post-Apocalyptic, Amnesia, Seinen",
37378,Strobe Edge,JP,2007,75.0,13243,0.3144389988593091,0.11499682625655017,0.10791875396291971,"Shoujo, Heterosexual, Coming of Age, Female Protagonist, Primarily Teen Cast",
158221,Doctor Player,KR,2022,68.0,6033,0.3133102091912926,0.1988611822025283,0.3105582906395129,"Medicine, Male Protagonist, Full Color, Magic",
105054,Children,JP,2018,53.0,6755,0.31293861900367126,0.3812332897134565,0.3778877846853812,"Tragedy, Gore, Primarily Child Cast, Revenge, Amnesia",
109122,TenPuru -No One Can Live on Loneliness-,JP,2018,73.0,15036,0.3128950514862897,0.19112615597745863,0.20160849696294264,"Surreal Comedy, Female Harem, Slapstick, Nun, Primarily Female Cast",
153948,Villain with a Crush,KR,2022,74.0,10945,0.3121306865045575,0.1158749350117628,0.32817906753546633,"Superhero, Super Power, Surreal Comedy, Full Color, Heterosexual",
100445,Pleasure & Corruption,JP,2017,61.0,6444,0.3117647038327458,0.22756556769871147,0.15263064106062063,"Sadism, Bondage, Seinen, Bullying, School",
100230,The Quintessential Quintuplets,JP,2017,77.0,68505,0.3113600601979092,0.16440926130580782,0.2588539078357017,"Twins, Female Harem, Primarily Female Cast, Coming of Age, Love Triangle",
110062,The Savior’s Book Cafe Story in Another World,JP,2019,76.0,6726,0.31094772032110407,0.19123003854458806,0.21967424010761466,"Isekai, Shoujo, Magic, Iyashikei, Female Protagonist",
116600,Ginger and the Cursed Prince,KR,2020,70.0,7389,0.3109331334032691,0.17704527703965367,0.21878206767808783,"Full Color, Magic, Heterosexual, Female Protagonist, Memory Manipulation",
132457,The Celestial Returned from Hell,KR,2021,69.0,13708,0.3096843653797846,0.23974314599810176,0.45819833347454564,"Martial Arts, Cultivation, Dungeon, Goblin, Full Color",
110978,Beatrice,KR,2019,67.0,6509,0.3092039692441257,0.13517802287067965,0.1531823654980718,"Female Protagonist, Full Color, Slavery, Medicine, Primarily Adult Cast",
42888,Happy Marriage?!,JP,2009,72.0,6061,0.3081755065627259,0.13682092006566113,0.13763421868290895,"Josei, Female Protagonist, Primarily Adult Cast, Nudity, Marriage",
108919,Doughnuts Under a Crescent Moon,JP,2019,77.0,13445,0.30803349890945897,0.1086428087209177,0.09743275516427072,"LGBTQ+ Themes, Yuri, Asexual, Office Lady, Female Protagonist",
126292,I Married My Female Friend,JP,2020,77.0,7092,0.30802525666979075,0.1067187469246274,0.09965725100823403,"Cohabitation, Yuri, Family Life, Primarily Adult Cast, Female Protagonist",
101176,A Man and His Cat,JP,2017,81.0,11577,0.30796362947923994,0.15995310767318105,0.22523165939575038,"Animals, Iyashikei, Found Family, Primarily Adult Cast, School",
98204,Haru’s Curse,JP,2015,74.0,8570,0.307959421121198,0.19645855807979393,0.19610586674486882,"Female Protagonist, Primarily Adult Cast, Josei, Heterosexual, Love Triangle",
97872,A Guy Like You,KR,2016,67.0,6691,0.3067454238905094,0.13095862123930624,0.2847570179646649,"Boys' Love, College, Love Triangle, Urban Fantasy, Male Protagonist",
30004,Yokohama Kaidashi Kikou,JP,1994,86.0,35889,0.3067316342805268,0.19301340243791593,0.18410193314283305,"Iyashikei, Female Protagonist, Post-Apocalyptic, Coastal, Philosophy",
147278,The Villainess's Stationery Shop,KR,2022,73.0,8605,0.3067231301425778,0.2516256881003302,0.32037365883262775,"Female Protagonist, Isekai, Demons, Male Harem, Full Color",
30618,Vampire Knight,JP,2004,66.0,13911,0.30655237601268337,0.21017267220526548,0.31619405311204485,"Shoujo, Vampire, Heterosexual, Love Triangle, Tragedy",
31409,BioMega,JP,2004,71.0,11249,0.3054718015043181,0.28528532124084427,0.3561324849894085,"Pandemic, Seinen, Guns, Motorcycles, Artificial Intelligence",
99897,Yakuza Fiancé: Raise wa Tanin ga Ii,JP,2017,76.0,19806,0.3053948920411043,0.21047467548165133,0.24122344119473116,"Yakuza, Crime, Urban, Mafia, Female Protagonist",
43245,Chihayafuru,JP,2007,86.0,22591,0.30522061722037186,0.132563647234253,0.11693518018918944,"Karuta, Josei, Female Protagonist, Coming of Age, School Club",
103845,Failed Princesses,JP,2018,75.0,9147,0.3044011777205214,0.08369148771033055,0.08619845489857908,"LGBTQ+ Themes, Yuri, Female Protagonist, Primarily Female Cast, Fashion",
137304,Return of the Mad Demon,KR,2021,79.0,25146,0.30409297003705366,0.2438147610545982,0.45676083245155885,"Martial Arts, Male Protagonist, Full Color, Wuxia, Anti-Hero",
124639,Pink Heart Jam,JP,2020,81.0,7585,0.30304682481459383,0.17143783770559196,0.16562003049401358,"Boys' Love, LGBTQ+ Themes, Bisexual, Band, Primarily Adult Cast",
116084,Way To Be The Evil Emperor,CN,2019,75.0,6674,0.3027641968874668,0.2840664388577458,0.5103616584592909,"Cultivation, Male Protagonist, Wuxia, Full Color, Isekai",
164708,Blooming Love,JP,2023,75.0,10822,0.30199732991199557,0.09675610402670279,0.2228158563563044,"Iyashikei, Heterosexual, Female Protagonist, Male Protagonist, College",
110439,I Think Our Son Is Gay,JP,2018,77.0,9416,0.30083284285945233,0.023671921376298508,0.027015731030336186,"LGBTQ+ Themes, Family Life, Bullying, Female Protagonist, Parenthood",
86219,"Love Me, Love Me Not",JP,2015,76.0,12843,0.30032662119832443,0.15175174541629693,0.15302945008780522,"School, Coming of Age, Shoujo, Female Protagonist, Primarily Teen Cast",
154775,Crowning a Spoiled Prince,KR,2022,72.0,6025,0.30002058885794297,0.20924196508460496,0.22197415976216534,"Royal Affairs, Female Protagonist, Ojou-sama, Heterosexual, Full Color",
117785,"Ganbare, Douki-chan",JP,2020,68.0,10722,0.299321965848907,0.10402652578937585,0.1739472500846768,"Female Harem, Office Lady, Primarily Adult Cast, Full Color, Love Triangle",
93433,Perfect World,JP,2014,75.0,11325,0.2987826851270541,0.1838919246783453,0.16076767764439273,"Josei, Disability, Love Triangle, Primarily Adult Cast, Female Protagonist",
166635,All-Master Necromancer,KR,2023,66.0,9492,0.2976871121588415,0.38770436327346736,0.5290249276599079,"Skeleton, Dungeon, Necromancy, Revenge, Magic",
113055,The Remarried Empress,KR,2019,77.0,19852,0.2973985714410956,0.24841767900521727,0.27336770982195324,"Royal Affairs, Female Protagonist, Marriage, Full Color, Politics",
103192,blanc,JP,2018,84.0,5895,0.2964758165708799,0.1740801569427156,0.2026962551328111,"Boys' Love, Primarily Adult Cast, Male Protagonist, College, LGBTQ+ Themes",
123366,Queen in the Shadows,KR,2020,70.0,7741,0.2960362825472536,0.26116630634569954,0.27406726604862186,"Revenge, Full Color, Time Manipulation, Female Protagonist, Villainess",
71973,Bokura no Hentai,JP,2012,76.0,8102,0.29519993198665995,0.2707936661297309,0.17131642481205692,"LGBTQ+ Themes, Crossdressing, Transgender, Gender Bending, Seinen",
34584,Whispered Words,JP,2007,76.0,7613,0.29498086073672763,0.18753415441530946,0.16322321705767226,"Yuri, School, Female Protagonist, LGBTQ+ Themes, Coming of Age",
100693,The Unwanted Undead Adventurer,JP,2017,72.0,13950,0.29450094507173935,0.34175550600419546,0.46031105209901346,"Zombie, Skeleton, Dungeon, Magic, Male Protagonist",
124621,How to Grill Our Love,JP,2020,76.0,13886,0.29435811660119005,0.20095230635009165,0.20354306129899513,"Food, Primarily Adult Cast, Male Protagonist, Seinen, Family Life",
109438,Lucia,KR,2019,69.0,7433,0.29356006159867265,0.177659064783603,0.1805316094799389,"Full Color, Female Protagonist, Heterosexual, Royal Affairs, Twins",
48597,Sankarea: Undying Love,JP,2009,73.0,21197,0.29290603317776004,0.24541877055627434,0.36031242561897503,"Zombie, Shounen, Male Protagonist, Medicine, Amnesia",
100473,Cherry Blossoms After Winter,KR,2017,79.0,9528,0.2924520034655457,0.20350382099884973,0.23237698312333532,"Boys' Love, Male Protagonist, Full Color, LGBTQ+ Themes, College",
107237,Blue Period,JP,2017,86.0,75254,0.29176230162301786,0.31242961030930255,0.3146272846612794,"Drawing, Coming of Age, College, Seinen, Male Protagonist",
97418,Asobi Asobase,JP,2015,75.0,7654,0.29130713395197766,0.1508180440039959,0.13695834862695913,"Primarily Female Cast, School, School Club, Surreal Comedy, Female Protagonist",
84897,ORANGE MARMALADE,KR,2011,74.0,11469,0.28955690231332426,0.09861541445763883,0.20790447489477226,"School, Vampire, Female Protagonist, School Club, Primarily Teen Cast",
30419,Nodame Cantabile,JP,2001,81.0,7257,0.2895462640976451,0.10193258580895326,0.10494995500563449,"College, Primarily Adult Cast, Heterosexual, Josei, Musical Theater",
142894,My In-Laws are Obsessed with Me,KR,2021,79.0,12361,0.2892637813594627,0.2027557812040601,0.2222746445014464,"Family Life, Heterosexual, Female Protagonist, Full Color, Marriage",
86244,Futaribeya: A Room for Two,JP,2014,76.0,5827,0.2884518550636472,0.1167445981189196,0.09141312148379434,"Yuri, LGBTQ+ Themes, 4-koma, Primarily Female Cast, Cute Girls Doing Cute Things",
149756,Our Secret Alliance,KR,2022,80.0,7950,0.2883771631333624,0.1407050343542942,0.2041603440661734,"Heterosexual, Full Color, School, Primarily Teen Cast, Fake Relationship",
104241,How Do We Relationship?,JP,2018,83.0,19847,0.2882984967478955,0.209673559289501,0.1486403897499055,"Yuri, Coming of Age, LGBTQ+ Themes, Female Protagonist, Primarily Female Cast",
152913,Anta to Osananajimitte dake demo Iyananoni!: Zekkou kara Hajimaru S-kyuu Bishoujo to no Gakuen Nariagari Seikatsu,JP,2025,66.0,7068,0.2881938245618635,0.16633905467162538,0.17206941693382005,"Love Triangle, Heterosexual, Ojou-sama, School, Female Harem",
127440,I Got Blackmailed by the Green Tea Bitch in Class,CN,2020,78.0,7068,0.2868298313874005,0.09872203529135189,0.13308209213561,"Yuri, LGBTQ+ Themes, Female Protagonist, Full Color, School",
116133,I Stan the Prince,KR,2020,74.0,8627,0.28612120758050436,0.17751941114978492,0.202524660455711,"Otaku Culture, Royal Affairs, Female Protagonist, Full Color, Heterosexual",
135930,Inu to Kuzu,JP,2021,68.0,9843,0.2860204144050109,0.3453293477850626,0.2935635031303536,"Amnesia, Seinen, Urban, Male Protagonist, Primarily Adult Cast",
176025,Childhood Friend Complex,KR,2024,75.0,5815,0.28537150235067577,0.13625845372719908,0.226627873312186,"Female Protagonist, Full Color, Male Protagonist, Primarily Adult Cast, College",
123868,Ring My Bell,KR,2019,78.0,5906,0.28486267873171256,0.07161310957505412,0.10987649499944435,"Female Protagonist, Yuri, LGBTQ+ Themes, Primarily Adult Cast, Full Color",
96791,She and Her Cat,JP,2016,73.0,7913,0.2848478405986729,0.21066551174656212,0.16720035802810088,"Animals, Female Protagonist, Seinen, Work, Philosophy",
128067,SSS-Class Revival Hunter,KR,2020,83.0,63096,0.2817029794116662,0.36788014734832303,0.6143882352170371,"Time Manipulation, Male Protagonist, Full Color, Suicide, Dungeon",NEG
33731,Solanin,JP,2005,81.0,52501,0.2809184560588029,0.306083009662925,0.257481523555797,"Coming of Age, Band, Seinen, Tragedy, Primarily Adult Cast",
60315,Last Game,JP,2011,79.0,24463,0.2808831502470013,0.16763467523345565,0.20865943210449855,"Shoujo, Time Skip, Female Protagonist, Male Protagonist, Tsundere",
128998,Act Like You Love Me!,KR,2020,73.0,7624,0.2807320234944781,0.12308888751972244,0.2063222289054123,"Full Color, Female Protagonist, Primarily Adult Cast, Heterosexual, Work",
172369,"Imasara desu ga, Osananajimi wo Suki ni Natte Shimaimashita",JP,2023,64.0,6423,0.27958036847020146,0.09494541733772643,0.10739829203477784,"Netorare, Female Protagonist, Love Triangle, Heterosexual, Primarily Teen Cast",
97700,CITY,JP,2016,79.0,6196,0.2787810801017369,0.1781886339547658,0.17319998476333204,"Slapstick, Surreal Comedy, Ensemble Cast, Female Protagonist, Urban",
114714,Secret Alliance,KR,2019,74.0,6464,0.2770896598094824,0.20043091250198986,0.2095390587722915,"Full Color, Female Protagonist, Crossdressing, Yandere, Gender Bending",
132288,Hirayasumi,JP,2021,85.0,15446,0.27601874615261535,0.2386839143881956,0.23459990316213353,"Seinen, Iyashikei, Family Life, Urban, Primarily Adult Cast",
129808,Got A Room?,KR,2020,74.0,7038,0.2758776677710125,0.11151829825468274,0.16663092300740107,"Full Color, Large Breasts, Nudity, Female Harem, Male Protagonist",
101503,The Saint's Magic Power is Omnipotent,JP,2017,72.0,6928,0.2750686494618549,0.13029884761547936,0.15991461938073642,"Female Protagonist, Isekai, Magic, Medicine, Primarily Adult Cast",
65573,orange,JP,2012,79.0,38218,0.2744652696002461,0.16353554008852697,0.23773168162547412,"Love Triangle, Shoujo, School, Time Manipulation, Heterosexual",
87151,Colette Decides to Die,JP,2013,78.0,6999,0.2732729290259378,0.21871101264967108,0.2094051223663006,"Shoujo, Female Protagonist, Mythology, Gods, Medicine",
51860,Mayo Chiki!,JP,2010,73.0,6281,0.2723391934756052,0.11375718170538232,0.09987499850387803,"Butler, Ojou-sama, Love Triangle, Primarily Teen Cast, Crossdressing",
46794,LDK,JP,2009,69.0,8838,0.27020403502652324,0.08810484418798725,0.08961801336621564,"School, Shoujo, Female Protagonist, Heterosexual, Love Triangle",
114329,I Hear the Sunspot: Theory of Happiness,JP,2015,80.0,6105,0.26998072091328384,0.19225379645904234,0.1893308603968436,"Boys' Love, Work, Male Protagonist, College, Disability",
111096,A Talented Maid,KR,2019,70.0,7174,0.2698271252422218,0.15404000601995294,0.1889491311636502,"Royal Affairs, Work, Love Triangle, Primarily Adult Cast, Maids",
114328,I Hear the Sunspot: Limit,JP,2016,82.0,5811,0.2693276470388021,0.19663590752657198,0.19711010124483125,"Boys' Love, College, Disability, LGBTQ+ Themes, Male Protagonist",
93006,My Brother's Husband,JP,2014,80.0,6347,0.2659558779351006,0.2322760271788809,0.21628762144394734,"LGBTQ+ Themes, Family Life, Educational, Coming of Age, Seinen",
41767,"Say ""I Love You"".",JP,2008,73.0,15660,0.2656687242167284,0.13321668670172487,0.12051385081160887,"School, Shoujo, Coming of Age, Female Protagonist, Heterosexual",
107918,Doctor Elise: The Royal Lady with the Lamp,KR,2017,76.0,18551,0.26392982639683626,0.15789054947477457,0.21611801408848413,"Medicine, Female Protagonist, War, Full Color, Reincarnation",
118269,Soulmate,CN,2020,81.0,8166,0.2638704050467445,0.11117774579102724,0.131445159591456,"Yuri, Female Protagonist, Full Color, Time Manipulation, Alternate Universe",
86317,Dame na Watashi ni Koishite Kudasai,JP,2013,75.0,7493,0.26364766865015243,0.1154162384905383,0.1251183066602404,"Josei, Primarily Adult Cast, Female Protagonist, Heterosexual, Office Lady",
104203,The Summer With You,JP,2018,79.0,5841,0.2600940828919446,0.17714653585768364,0.18954884749177245,"Boys' Love, LGBTQ+ Themes, Male Protagonist, College, Cute Boys Doing Cute Things",
153983,I'm the Queen in This Life,KR,2022,70.0,6158,0.2591126567334993,0.2984826255913658,0.3044189276325978,"Age Regression, Female Protagonist, Revenge, Heterosexual, Royal Affairs",
48792,Only the Flower Knows,JP,2009,76.0,7267,0.25827029970904436,0.17435139668080832,0.18248641600192117,"LGBTQ+ Themes, Boys' Love, Horticulture, College, Male Protagonist",
47904,Princess Jellyfish,JP,2008,80.0,16491,0.25665871294554055,0.1569758558028136,0.13190728335728166,"Josei, Female Protagonist, Crossdressing, Fashion, Heterosexual",
98777,Kase-san and Yamada,JP,2017,78.0,7263,0.25352713149078476,0.07935978426449994,0.06939521440485766,"Yuri, Primarily Female Cast, Primarily Adult Cast, LGBTQ+ Themes, Female Protagonist",
116633,To Love Your Enemy,KR,2019,69.0,8345,0.253218337931777,0.15130577740214113,0.18462304946799918,"Full Color, College, Primarily Adult Cast, Kuudere, Female Protagonist",
129579,"Doctor, Live Again",KR,2021,74.0,12755,0.2530502926894606,0.17527591201368486,0.38636086414539883,"Wuxia, Medicine, Isekai, Full Color, Cultivation",
61499,Nisekoi: False Love,JP,2011,75.0,55295,0.2514410180305107,0.15796727249367976,0.2735091813829629,"Love Triangle, Female Harem, Primarily Female Cast, Heterosexual, Fake Relationship",
94490,The Fable,JP,2014,84.0,29587,0.25030237544580153,0.3419597410175885,0.3702012777882812,"Yakuza, Seinen, Urban, Assassins, Guns",
109957,Second Life Ranker,KR,2019,77.0,43010,0.25021494569135494,0.41552101694242016,0.5350050377178184,"Alternate Universe, Revenge, Full Color, Male Protagonist, Twins",NEG
119767,Rent-A-(Really Shy!)-Girlfriend,JP,2020,72.0,6419,0.2497720163192179,0.0738331053845723,0.18754431064798882,"Female Protagonist, Work, Cute Girls Doing Cute Things, Heterosexual, College",
145306,How to Hide the Emperor’s Child,KR,2022,70.0,6963,0.24938580981852493,0.2179380022116168,0.2501497280601385,"Conspiracy, Royal Affairs, Female Protagonist, Heterosexual, Politics",
112197,Medical Hwansaeng,KR,2019,78.0,12040,0.2485031970867504,0.2882013987905839,0.4037306594823452,"Medicine, Age Regression, Full Color, Work, Male Protagonist",
123625,Mr. Paper Bag is in Love,JP,2020,76.0,15904,0.24697141119814667,0.0657331309355843,0.08679244547014958,"Heterosexual, Primarily Adult Cast, Shoujo, Female Protagonist, College",
112342,"I Fell in Love, So I'm Streaming It",JP,2019,68.0,9227,0.24554266245845668,0.1520099685644367,0.1242558562597862,"VTuber, Love Triangle, Otaku Culture, Hikikomori, Seinen",
34571,Snow White with the Red Hair,JP,2006,79.0,19939,0.24502007472175594,0.22290040594159954,0.2462246024889015,"Shoujo, Heterosexual, Medicine, Female Protagonist, Primarily Adult Cast",
85922,I Hear the Sunspot,JP,2013,79.0,15816,0.24235616993819178,0.2160617826073252,0.21846136006350547,"Male Protagonist, Disability, Boys' Love, College, Primarily Male Cast",
30030,Ouran High School Host Club,JP,2002,83.0,28871,0.23941004938233942,0.12260753418066378,0.120757130104128,"Male Harem, Shoujo, School Club, School, Crossdressing",
87321,Goblin Slayer,JP,2016,74.0,30377,0.2376272096734251,0.5314918800590065,0.589145371240047,"Seinen, Revenge, Goblin, Gore, Male Protagonist",NEG
87377,"Science Fell in Love, So I Tried to Prove It",JP,2016,69.0,7321,0.23702693963322802,0.09583539893767073,0.21628761999178842,"Heterosexual, Educational, College, Primarily Adult Cast, Female Protagonist",
150109,Bad Thinking Diary,KR,2022,62.0,6903,0.23427950791880425,0.15573998462536578,0.14116532429800963,"Yuri, Primarily Female Cast, Female Protagonist, Nudity, Full Color",
111103,50 Tea Recipes from the Duchess,KR,2019,72.0,9095,0.2339575599508522,0.2051768467270468,0.23104473557083471,"Female Protagonist, Food, Full Color, Royal Affairs, Isekai",
100962,Osananajimi ni Najimitai,JP,2018,69.0,7854,0.23358045365548785,0.23748650560797446,0.21490276712184592,"College, Heterosexual, Tomboy, Love Triangle, Seinen",
101845,A Side Character's Love Story,JP,2017,73.0,5860,0.23305360897613564,0.23645654956229917,0.17385219796970958,"Primarily Adult Cast, Work, Heterosexual, Seinen, College",
132926,How I Met My Soulmate,JP,2021,77.0,12051,0.2287598657280215,0.06498000542590877,0.06705900617740825,"Shoujo, Primarily Adult Cast, Female Protagonist, Love Triangle, Heterosexual",
120980,Nano Machine,KR,2020,81.0,44727,0.22840964145332088,0.3815445233571911,0.5576345405370327,"Martial Arts, Cult, Anti-Hero, Swordplay, Politics",NEG
97884,Astral Sutra,CN,2016,69.0,9977,0.22798697101472643,0.2598412539214775,0.4327762340196133,"Cultivation, Martial Arts, Wuxia, Conspiracy, Full Color",
137614,The Credits Roll into the Sea,JP,2020,78.0,6561,0.22550915779706165,0.10581423175237568,0.10829712771685313,"Female Protagonist, Elderly Protagonist, Filmmaking, Photography, Primarily Adult Cast",
85887,Ookami Shounen wa Kyou mo Uso wo Kasaneru,JP,2014,78.0,17973,0.22182551988322344,0.2439042293779868,0.22807679254642868,"Crossdressing, Heterosexual, Love Triangle, Male Protagonist, Seinen",
139572,The Lone Necromancer,KR,2021,71.0,15975,0.2209566382523256,0.28205433640920136,0.4339589043983335,"Necromancy, Survival, Full Color, Male Protagonist, Skeleton",NEG
98561,Fools: Original,KR,2016,78.0,6115,0.22054431315424744,0.09131045608363571,0.11617330619280218,"Boys' Love, College, School, School Club, Love Triangle",
104283,The Makeup Remover,KR,2018,77.0,7132,0.21662154666046837,0.13465935866969173,0.17441702772351164,"Makeup, Female Protagonist, Full Color, Fashion, College",
30688,Maison Ikkoku,JP,1980,80.0,8025,0.21597415179353338,0.2746018164250005,0.23978751395852493,"Seinen, Primarily Adult Cast, College, Episodic, Heterosexual",
87395,Grand Blue Dreaming,JP,2014,89.0,65923,0.21581375292701313,0.21234515348668426,0.21513865105383248,"Slapstick, Surreal Comedy, Male Protagonist, Seinen, College",
103995,True Beauty,KR,2018,63.0,15493,0.2146219373786593,0.14405398742851838,0.20560573248744302,"Makeup, Love Triangle, Female Protagonist, Full Color, Fashion",
110059,My Life as an Internet Novel,KR,2019,76.0,10800,0.21365118867612778,0.14267137000064478,0.20018476867344775,"Isekai, Female Protagonist, Male Harem, Full Color, School",
156031,Choking on Love,JP,2022,77.0,11811,0.21101020921061656,0.10116483012145182,0.10602839638330427,"Shoujo, College, Band, Female Protagonist, Heterosexual",
169922,"Hope You're Happy, Lemon",JP,2023,74.0,14151,0.2105765732688577,0.10884725372875197,0.2487968529539656,"Body Swapping, Love Triangle, Primarily Adult Cast, College, Female Protagonist",
110095,A Business Proposal,KR,2018,79.0,12272,0.2045051823690401,0.13217655510363985,0.16666482678748762,"Marriage, Office Lady, Primarily Adult Cast, Full Color, Female Protagonist",
30057,Hana-Kimi: For You in Full Blossom,JP,1996,78.0,6450,0.2042758678167855,0.08472866965398657,0.0916473191234317,"Shoujo, Female Protagonist, Crossdressing, Male Harem, Gender Bending",
104533,Romance 101,KR,2018,82.0,9224,0.20303208758659613,0.07060284159416144,0.11955260336501354,"Female Protagonist, College, Primarily Adult Cast, Software Development, School Club",
73415,Himegoto: Juukyuusai no Seifuku,JP,2010,71.0,9796,0.20273487313837213,0.292320523431549,0.20142194620777404,"Love Triangle, Gender Bending, Transgender, Coming of Age, Crossdressing",
44154,Arakawa Under the Bridge,JP,2004,76.0,6188,0.20080451611560007,0.27080052014426115,0.2865176817230667,"Surreal Comedy, Seinen, Heterosexual, Aliens, Love Triangle",
111189,A Sign of Affection,JP,2019,83.0,34892,0.19525829805775538,0.09352002519708713,0.0799425749873833,"Shoujo, Language Barrier, Female Protagonist, Disability, Primarily Adult Cast",
101233,The Way of the Househusband,JP,2018,79.0,67112,0.18310446941097472,0.16681008070630432,0.1861673383755061,"Parody, Episodic, Yakuza, Male Protagonist, Slapstick",
86551,Made in Abyss,JP,2012,85.0,56224,0.18260151131833657,0.4934057396058789,0.4940889613355681,"Survival, Tragedy, Primarily Child Cast, Travel, Lost Civilization",NEG
102215,Cigarette & Cherry,JP,2017,74.0,10157,0.17715244234596478,0.2441628514145887,0.24461647845508627,"Work, Primarily Adult Cast, Male Protagonist, Heterosexual, Female Protagonist",
87154,Something About Us,KR,2014,79.0,14636,0.1561172400466114,0.16044985307345458,0.20777566817722903,"College, Female Protagonist, Primarily Adult Cast, Full Color, Love Triangle",
86559,Golden Kamuy,JP,2014,86.0,49918,0.13728432210998287,0.455310415966808,0.5201512106266888,"Historical, Conspiracy, Military, Outdoor Activities, Indigenous Cultures",NEG
